Area,Date,Cases,Deaths
Açores,2020-02-26,0,0
Açores,2020-02-27,0,0
Açores,2020-02-28,0,0
Açores,2020-02-29,0,0
Açores,2020-03-01,0,0
Açores,2020-03-02,0,0
Açores,2020-03-03,0,0
Açores,2020-03-04,0,0
Açores,2020-03-05,0,0
Açores,2020-03-06,0,0
Açores,2020-03-07,0,0
Açores,2020-03-08,0,0
Açores,2020-03-09,0,0
Açores,2020-03-10,0,0
Açores,2020-03-11,0,0
Açores,2020-03-12,0,0
Açores,2020-03-13,0,0
Açores,2020-03-14,0,0
Açores,2020-03-15,1,0
Açores,2020-03-16,1,0
Açores,2020-03-17,1,0
Açores,2020-03-18,3,0
Açores,2020-03-19,3,0
Açores,2020-03-20,3,0
Açores,2020-03-21,3,0
Açores,2020-03-22,4,0
Açores,2020-03-23,11,0
Açores,2020-03-24,12,0
Açores,2020-03-25,17,0
Açores,2020-03-26,24,0
Açores,2020-03-27,24,0
Açores,2020-03-28,30,0
Açores,2020-03-29,33,0
Açores,2020-03-30,41,0
Açores,2020-03-31,48,0
Açores,2020-04-01,52,0
Açores,2020-04-02,57,0
Açores,2020-04-03,63,0
Açores,2020-04-04,63,0
Açores,2020-04-05,67,0
Açores,2020-04-06,68,0
Açores,2020-04-07,68,0
Açores,2020-04-08,70,0
Açores,2020-04-09,91,1
Açores,2020-04-10,94,2
Açores,2020-04-11,94,3
Açores,2020-04-12,94,4
Açores,2020-04-13,94,4
Açores,2020-04-14,100,4
Açores,2020-04-15,100,4
Açores,2020-04-16,102,4
Açores,2020-04-17,102,4
Açores,2020-04-18,104,4
Açores,2020-04-19,106,5
Açores,2020-04-20,107,6
Açores,2020-04-21,107,6
Açores,2020-04-22,109,6
Açores,2020-04-23,109,8
Açores,2020-04-24,109,8
Açores,2020-04-25,111,8
Açores,2020-04-26,120,8
Açores,2020-04-27,120,9
Açores,2020-04-28,121,10
Açores,2020-04-29,125,12
Açores,2020-04-30,127,12
Açores,2020-05-01,127,12
Açores,2020-05-02,131,13
Açores,2020-05-03,132,13
Açores,2020-05-04,132,13
Açores,2020-05-05,132,13
Açores,2020-05-06,132,13
Açores,2020-05-07,132,14
Açores,2020-05-08,135,14
Açores,2020-05-09,135,14
Açores,2020-05-10,135,14
Açores,2020-05-11,135,14
Açores,2020-05-12,135,15
Açores,2020-05-13,135,15
Açores,2020-05-14,135,15
Açores,2020-05-15,135,15
Açores,2020-05-16,135,15
Açores,2020-05-17,135,15
Açores,2020-05-18,135,15
Açores,2020-05-19,135,15
Açores,2020-05-20,135,15
Açores,2020-05-21,135,15
Açores,2020-05-22,135,15
Açores,2020-05-23,135,15
Açores,2020-05-24,135,15
Açores,2020-05-25,135,15
Açores,2020-05-26,135,15
Açores,2020-05-27,135,15
Açores,2020-05-28,135,15
Açores,2020-05-29,135,15
Açores,2020-05-30,135,15
Açores,2020-05-31,135,15
Açores,2020-06-01,137,15
Açores,2020-06-02,137,15
Açores,2020-06-03,138,15
Açores,2020-06-04,138,15
Açores,2020-06-05,140,15
Açores,2020-06-06,141,15
Açores,2020-06-07,141,15
Açores,2020-06-08,142,15
Açores,2020-06-09,142,15
Açores,2020-06-10,142,15
Açores,2020-06-11,143,15
Açores,2020-06-12,143,15
Açores,2020-06-13,143,15
Açores,2020-06-14,143,15
Açores,2020-06-15,143,15
Açores,2020-06-16,143,15
Açores,2020-06-17,143,15
Açores,2020-06-18,143,15
Açores,2020-06-19,143,15
Açores,2020-06-20,143,15
Açores,2020-06-21,144,15
Açores,2020-06-22,144,15
Açores,2020-06-23,144,15
Açores,2020-06-24,146,15
Açores,2020-06-25,146,15
Açores,2020-06-26,148,15
Açores,2020-06-27,149,15
Açores,2020-06-28,149,15
Açores,2020-06-29,150,15
Açores,2020-06-30,150,15
Açores,2020-07-01,150,15
Açores,2020-07-02,151,15
Açores,2020-07-03,151,15
Açores,2020-07-04,151,15
Açores,2020-07-05,151,15
Açores,2020-07-06,151,15
Açores,2020-07-07,151,15
Açores,2020-07-08,149,15
Açores,2020-07-09,151,15
Açores,2020-07-10,153,15
Açores,2020-07-11,153,15
Açores,2020-07-12,152,15
Açores,2020-07-13,152,15
Açores,2020-07-14,152,15
Açores,2020-07-15,151,15
Açores,2020-07-16,151,15
Açores,2020-07-17,152,15
Açores,2020-07-18,153,15
Açores,2020-07-19,158,15
Açores,2020-07-20,158,15
Açores,2020-07-21,159,15
Açores,2020-07-22,159,15
Açores,2020-07-23,159,15
Açores,2020-07-24,160,15
Açores,2020-07-25,160,15
Açores,2020-07-26,160,15
Açores,2020-07-27,165,15
Açores,2020-07-28,167,15
Açores,2020-07-29,167,15
Açores,2020-07-30,167,15
Açores,2020-07-31,168,15
Açores,2020-08-01,167,15
Açores,2020-08-02,167,15
Açores,2020-08-03,168,15
Açores,2020-08-04,169,15
Açores,2020-08-05,170,15
Açores,2020-08-06,170,15
Açores,2020-08-07,170,15
Açores,2020-08-08,172,15
Açores,2020-08-09,179,15
Açores,2020-08-10,181,15
Açores,2020-08-11,183,15
Açores,2020-08-12,184,15
Açores,2020-08-13,184,15
Açores,2020-08-14,184,15
Açores,2020-08-15,184,15
Açores,2020-08-16,185,15
Açores,2020-08-17,186,15
Açores,2020-08-18,187,15
Açores,2020-08-19,187,15
Açores,2020-08-20,188,15
Açores,2020-08-21,192,15
Açores,2020-08-22,199,15
Açores,2020-08-23,199,15
Açores,2020-08-24,202,15
Açores,2020-08-25,204,15
Açores,2020-08-26,205,15
Açores,2020-08-27,208,15
Açores,2020-08-28,208,15
Açores,2020-08-29,209,15
Açores,2020-08-30,209,15
Açores,2020-08-31,212,15
Açores,2020-09-01,213,15
Açores,2020-09-02,214,15
Açores,2020-09-03,216,15
Açores,2020-09-04,216,15
Açores,2020-09-05,215,15
Açores,2020-09-06,217,15
Açores,2020-09-07,224,15
Açores,2020-09-08,227,15
Açores,2020-09-09,228,15
Açores,2020-09-10,229,15
Açores,2020-09-11,234,15
Açores,2020-09-12,236,15
Açores,2020-09-13,238,15
Açores,2020-09-14,239,15
Açores,2020-09-15,240,15
Açores,2020-09-16,240,15
Açores,2020-09-17,241,15
Açores,2020-09-18,241,15
Açores,2020-09-19,241,15
Açores,2020-09-20,243,15
Açores,2020-09-21,252,15
Açores,2020-09-22,254,15
Açores,2020-09-23,257,15
Açores,2020-09-24,259,15
Açores,2020-09-25,261,15
Açores,2020-09-26,266,15
Açores,2020-09-27,267,15
Açores,2020-09-28,267,15
Açores,2020-09-29,269,15
Açores,2020-09-30,274,15
Açores,2020-10-01,275,15
Açores,2020-10-02,280,15
Açores,2020-10-03,282,15
Açores,2020-10-04,284,15
Açores,2020-10-05,285,15
Açores,2020-10-06,286,15
Açores,2020-10-07,287,15
Açores,2020-10-08,291,15
Açores,2020-10-09,294,15
Açores,2020-10-10,296,15
Açores,2020-10-11,295,15
Açores,2020-10-12,298,15
Açores,2020-10-13,300,15
Açores,2020-10-14,305,15
Açores,2020-10-15,306,15
Açores,2020-10-16,310,15
Açores,2020-10-17,317,15
Açores,2020-10-18,318,15
Açores,2020-10-19,325,15
Açores,2020-10-20,328,15
Açores,2020-10-21,329,15
Açores,2020-10-22,332,15
Açores,2020-10-23,334,15
Açores,2020-10-24,338,15
Açores,2020-10-25,340,15
Açores,2020-10-26,345,15
Açores,2020-10-27,348,15
Açores,2020-10-28,353,15
Açores,2020-10-29,358,15
Açores,2020-10-30,366,15
Açores,2020-10-31,369,15
Açores,2020-11-01,370,15
Açores,2020-11-02,371,15
Açores,2020-11-03,379,15
Açores,2020-11-04,388,15
Açores,2020-11-05,394,15
Açores,2020-11-06,413,15
Açores,2020-11-07,435,15
Açores,2020-11-08,455,15
Açores,2020-11-09,471,15
Açores,2020-11-10,492,15
Açores,2020-11-11,513,15
Açores,2020-11-12,542,15
Açores,2020-11-13,561,15
Açores,2020-11-14,579,15
Açores,2020-11-15,605,15
Açores,2020-11-16,614,15
Açores,2020-11-17,625,15
Açores,2020-11-18,644,15
Açores,2020-11-19,684,15
Açores,2020-11-20,713,15
Açores,2020-11-21,761,15
Açores,2020-11-22,779,15
Açores,2020-11-23,810,15
Açores,2020-11-24,828,15
Açores,2020-11-25,844,15
Açores,2020-11-26,879,17
Açores,2020-11-27,914,17
Açores,2020-11-28,953,17
Açores,2020-11-29,990,17
Açores,2020-11-30,1022,17
Açores,2020-12-01,1039,17
Açores,2020-12-02,1061,17
Açores,2020-12-03,1096,17
Açores,2020-12-04,1122,18
Açores,2020-12-05,1149,18
Açores,2020-12-06,1171,18
Açores,2020-12-07,1192,18
Açores,2020-12-08,1207,19
Açores,2020-12-09,1235,19
Açores,2020-12-10,1254,19
Açores,2020-12-11,1270,20
Açores,2020-12-12,1301,20
Açores,2020-12-13,1335,20
Açores,2020-12-14,1397,20
Açores,2020-12-15,1441,20
Açores,2020-12-16,1477,20
Açores,2020-12-17,1509,20
Açores,2020-12-18,1530,21
Açores,2020-12-19,1551,21
Açores,2020-12-20,1558,21
Açores,2020-12-21,1581,21
Açores,2020-12-22,1594,21
Açores,2020-12-23,1616,21
Açores,2020-12-24,1633,21
Açores,2020-12-25,1662,21
Açores,2020-12-26,1683,21
Açores,2020-12-27,1693,21
Açores,2020-12-28,1722,21
Açores,2020-12-29,1749,22
Açores,2020-12-30,1796,22
Açores,2020-12-31,1832,22
Açores,2021-01-01,1885,22
Açores,2021-01-02,1913,22
Açores,2021-01-03,1929,22
Açores,2021-01-04,2018,22
Açores,2021-01-05,2057,22
Açores,2021-01-06,2164,22
Açores,2021-01-07,2232,22
Açores,2021-01-08,2287,22
Açores,2021-01-09,2354,22
Açores,2021-01-10,2417,22
Açores,2021-01-11,2555,22
Açores,2021-01-12,2656,22
Açores,2021-01-13,2725,22
Açores,2021-01-14,2782,22
Açores,2021-01-15,2831,22
Açores,2021-01-16,2881,22
Açores,2021-01-17,2912,22
Açores,2021-01-18,3011,22
Açores,2021-01-19,3050,22
Açores,2021-01-20,3093,22
Açores,2021-01-21,3116,22
Açores,2021-01-22,3146,22
Açores,2021-01-23,3180,22
Açores,2021-01-24,3229,22
Açores,2021-01-25,3260,22
Açores,2021-01-26,3284,23
Açores,2021-01-27,3309,24
Açores,2021-01-28,3376,24
Açores,2021-01-29,3441,24
Açores,2021-01-30,3466,24
Açores,2021-01-31,3506,25
Açores,2021-02-01,3532,25
Açores,2021-02-02,3550,25
Açores,2021-02-03,3561,25
Açores,2021-02-04,3582,26
Açores,2021-02-05,3599,26
Açores,2021-02-06,3605,26
Açores,2021-02-07,3613,26
Açores,2021-02-08,3623,26
Açores,2021-02-09,3629,27
Açores,2021-02-10,3638,28
Açores,2021-02-11,3644,28
Açores,2021-02-12,3660,28
Açores,2021-02-13,3665,28
Açores,2021-02-14,3671,28
Açores,2021-02-15,3671,28
Açores,2021-02-16,3672,28
Açores,2021-02-17,3680,28
Açores,2021-02-18,3696,28
Açores,2021-02-19,3707,28
Açores,2021-02-20,3710,28
Açores,2021-02-21,3717,28
Açores,2021-02-22,3722,28
Açores,2021-02-23,3725,28
Açores,2021-02-24,3728,28
Açores,2021-02-25,3731,28
Açores,2021-02-26,3730,28
Açores,2021-02-27,3734,28
Açores,2021-02-28,3752,28
Açores,2021-03-01,3764,28
Açores,2021-03-02,3783,28
Açores,2021-03-03,3793,28
Açores,2021-03-04,3796,28
Açores,2021-03-05,3791,28
Açores,2021-03-06,3800,28
Açores,2021-03-07,3801,28
Açores,2021-03-08,3808,28
Açores,2021-03-09,3806,28
Açores,2021-03-10,3805,28
Açores,2021-03-11,3839,28
Açores,2021-03-12,3841,28
Açores,2021-03-13,3868,28
Açores,2021-03-14,3878,28
Açores,2021-03-15,3884,28
Açores,2021-03-16,3899,28
Açores,2021-03-17,3912,28
Açores,2021-03-18,3922,28
Açores,2021-03-19,3935,28
Alentejo,2020-02-26,0,0
Alentejo,2020-02-27,0,0
Alentejo,2020-02-28,0,0
Alentejo,2020-02-29,0,0
Alentejo,2020-03-01,0,0
Alentejo,2020-03-02,0,0
Alentejo,2020-03-03,0,0
Alentejo,2020-03-04,0,0
Alentejo,2020-03-05,0,0
Alentejo,2020-03-06,0,0
Alentejo,2020-03-07,0,0
Alentejo,2020-03-08,0,0
Alentejo,2020-03-09,0,0
Alentejo,2020-03-10,0,0
Alentejo,2020-03-11,0,0
Alentejo,2020-03-12,0,0
Alentejo,2020-03-13,0,0
Alentejo,2020-03-14,0,0
Alentejo,2020-03-15,0,0
Alentejo,2020-03-16,0,0
Alentejo,2020-03-17,0,0
Alentejo,2020-03-18,2,0
Alentejo,2020-03-19,2,0
Alentejo,2020-03-20,2,0
Alentejo,2020-03-21,3,0
Alentejo,2020-03-22,5,0
Alentejo,2020-03-23,5,0
Alentejo,2020-03-24,6,0
Alentejo,2020-03-25,12,0
Alentejo,2020-03-26,20,0
Alentejo,2020-03-27,30,0
Alentejo,2020-03-28,34,0
Alentejo,2020-03-29,41,0
Alentejo,2020-03-30,45,0
Alentejo,2020-03-31,50,0
Alentejo,2020-04-01,54,0
Alentejo,2020-04-02,59,0
Alentejo,2020-04-03,62,1
Alentejo,2020-04-04,63,0
Alentejo,2020-04-05,82,0
Alentejo,2020-04-06,84,0
Alentejo,2020-04-07,85,0
Alentejo,2020-04-08,93,0
Alentejo,2020-04-09,94,0
Alentejo,2020-04-10,125,0
Alentejo,2020-04-11,130,0
Alentejo,2020-04-12,139,0
Alentejo,2020-04-13,140,0
Alentejo,2020-04-14,155,0
Alentejo,2020-04-15,155,0
Alentejo,2020-04-16,156,0
Alentejo,2020-04-17,158,0
Alentejo,2020-04-18,158,0
Alentejo,2020-04-19,158,0
Alentejo,2020-04-20,161,0
Alentejo,2020-04-21,173,0
Alentejo,2020-04-22,176,1
Alentejo,2020-04-23,181,1
Alentejo,2020-04-24,183,1
Alentejo,2020-04-25,185,1
Alentejo,2020-04-26,187,1
Alentejo,2020-04-27,189,1
Alentejo,2020-04-28,201,1
Alentejo,2020-04-29,214,1
Alentejo,2020-04-30,218,1
Alentejo,2020-05-01,218,1
Alentejo,2020-05-02,218,1
Alentejo,2020-05-03,218,1
Alentejo,2020-05-04,218,1
Alentejo,2020-05-05,220,1
Alentejo,2020-05-06,220,1
Alentejo,2020-05-07,220,1
Alentejo,2020-05-08,232,1
Alentejo,2020-05-09,235,1
Alentejo,2020-05-10,235,1
Alentejo,2020-05-11,237,1
Alentejo,2020-05-12,238,1
Alentejo,2020-05-13,238,1
Alentejo,2020-05-14,238,1
Alentejo,2020-05-15,240,1
Alentejo,2020-05-16,241,1
Alentejo,2020-05-17,242,1
Alentejo,2020-05-18,243,1
Alentejo,2020-05-19,245,1
Alentejo,2020-05-20,248,1
Alentejo,2020-05-21,250,1
Alentejo,2020-05-22,251,1
Alentejo,2020-05-23,253,1
Alentejo,2020-05-24,253,1
Alentejo,2020-05-25,253,1
Alentejo,2020-05-26,254,1
Alentejo,2020-05-27,256,1
Alentejo,2020-05-28,257,1
Alentejo,2020-05-29,259,1
Alentejo,2020-05-30,259,1
Alentejo,2020-05-31,259,1
Alentejo,2020-06-01,259,1
Alentejo,2020-06-02,260,1
Alentejo,2020-06-03,260,1
Alentejo,2020-06-04,262,1
Alentejo,2020-06-05,263,1
Alentejo,2020-06-06,266,1
Alentejo,2020-06-07,268,1
Alentejo,2020-06-08,268,1
Alentejo,2020-06-09,273,1
Alentejo,2020-06-10,274,1
Alentejo,2020-06-11,277,1
Alentejo,2020-06-12,277,1
Alentejo,2020-06-13,281,2
Alentejo,2020-06-14,282,2
Alentejo,2020-06-15,287,2
Alentejo,2020-06-16,287,2
Alentejo,2020-06-17,288,2
Alentejo,2020-06-18,295,2
Alentejo,2020-06-19,304,2
Alentejo,2020-06-20,363,2
Alentejo,2020-06-21,374,2
Alentejo,2020-06-22,376,2
Alentejo,2020-06-23,397,2
Alentejo,2020-06-24,406,2
Alentejo,2020-06-25,409,3
Alentejo,2020-06-26,449,4
Alentejo,2020-06-27,467,4
Alentejo,2020-06-28,471,5
Alentejo,2020-06-29,477,5
Alentejo,2020-06-30,484,7
Alentejo,2020-07-01,491,7
Alentejo,2020-07-02,499,9
Alentejo,2020-07-03,507,10
Alentejo,2020-07-04,520,10
Alentejo,2020-07-05,527,13
Alentejo,2020-07-06,539,15
Alentejo,2020-07-07,544,17
Alentejo,2020-07-08,551,18
Alentejo,2020-07-09,562,18
Alentejo,2020-07-10,562,18
Alentejo,2020-07-11,570,18
Alentejo,2020-07-12,572,18
Alentejo,2020-07-13,576,18
Alentejo,2020-07-14,586,18
Alentejo,2020-07-15,596,19
Alentejo,2020-07-16,605,19
Alentejo,2020-07-17,623,19
Alentejo,2020-07-18,627,19
Alentejo,2020-07-19,630,19
Alentejo,2020-07-20,635,19
Alentejo,2020-07-21,636,19
Alentejo,2020-07-22,639,19
Alentejo,2020-07-23,653,19
Alentejo,2020-07-24,667,20
Alentejo,2020-07-25,671,21
Alentejo,2020-07-26,688,21
Alentejo,2020-07-27,691,21
Alentejo,2020-07-28,697,21
Alentejo,2020-07-29,706,21
Alentejo,2020-07-30,717,21
Alentejo,2020-07-31,734,21
Alentejo,2020-08-01,736,22
Alentejo,2020-08-02,743,22
Alentejo,2020-08-03,745,22
Alentejo,2020-08-04,746,22
Alentejo,2020-08-05,753,22
Alentejo,2020-08-06,762,22
Alentejo,2020-08-07,761,22
Alentejo,2020-08-08,762,22
Alentejo,2020-08-09,764,22
Alentejo,2020-08-10,767,22
Alentejo,2020-08-11,770,22
Alentejo,2020-08-12,780,22
Alentejo,2020-08-13,786,22
Alentejo,2020-08-14,799,22
Alentejo,2020-08-15,812,22
Alentejo,2020-08-16,823,22
Alentejo,2020-08-17,836,22
Alentejo,2020-08-18,844,22
Alentejo,2020-08-19,851,22
Alentejo,2020-08-20,863,22
Alentejo,2020-08-21,868,22
Alentejo,2020-08-22,885,22
Alentejo,2020-08-23,887,22
Alentejo,2020-08-24,887,22
Alentejo,2020-08-25,898,22
Alentejo,2020-08-26,906,22
Alentejo,2020-08-27,912,22
Alentejo,2020-08-28,923,22
Alentejo,2020-08-29,926,22
Alentejo,2020-08-30,937,22
Alentejo,2020-08-31,944,22
Alentejo,2020-09-01,947,22
Alentejo,2020-09-02,949,22
Alentejo,2020-09-03,952,22
Alentejo,2020-09-04,959,22
Alentejo,2020-09-05,964,22
Alentejo,2020-09-06,985,22
Alentejo,2020-09-07,987,22
Alentejo,2020-09-08,998,22
Alentejo,2020-09-09,1021,22
Alentejo,2020-09-10,1036,22
Alentejo,2020-09-11,1048,22
Alentejo,2020-09-12,1074,22
Alentejo,2020-09-13,1134,22
Alentejo,2020-09-14,1161,22
Alentejo,2020-09-15,1175,22
Alentejo,2020-09-16,1217,22
Alentejo,2020-09-17,1231,23
Alentejo,2020-09-18,1267,23
Alentejo,2020-09-19,1283,23
Alentejo,2020-09-20,1318,23
Alentejo,2020-09-21,1340,23
Alentejo,2020-09-22,1352,23
Alentejo,2020-09-23,1371,23
Alentejo,2020-09-24,1382,23
Alentejo,2020-09-25,1412,23
Alentejo,2020-09-26,1432,23
Alentejo,2020-09-27,1487,23
Alentejo,2020-09-28,1494,23
Alentejo,2020-09-29,1499,23
Alentejo,2020-09-30,1502,23
Alentejo,2020-10-01,1510,23
Alentejo,2020-10-02,1512,23
Alentejo,2020-10-03,1555,24
Alentejo,2020-10-04,1566,24
Alentejo,2020-10-05,1572,25
Alentejo,2020-10-06,1587,25
Alentejo,2020-10-07,1595,25
Alentejo,2020-10-08,1604,25
Alentejo,2020-10-09,1615,25
Alentejo,2020-10-10,1623,25
Alentejo,2020-10-11,1630,26
Alentejo,2020-10-12,1645,26
Alentejo,2020-10-13,1677,26
Alentejo,2020-10-14,1724,26
Alentejo,2020-10-15,1764,26
Alentejo,2020-10-16,1914,26
Alentejo,2020-10-17,1956,27
Alentejo,2020-10-18,1991,27
Alentejo,2020-10-19,2026,27
Alentejo,2020-10-20,2113,29
Alentejo,2020-10-21,2163,30
Alentejo,2020-10-22,2219,31
Alentejo,2020-10-23,2272,33
Alentejo,2020-10-24,2368,35
Alentejo,2020-10-25,2412,36
Alentejo,2020-10-26,2436,37
Alentejo,2020-10-27,2448,42
Alentejo,2020-10-28,2558,43
Alentejo,2020-10-29,2608,43
Alentejo,2020-10-30,2673,46
Alentejo,2020-10-31,2734,47
Alentejo,2020-11-01,2808,49
Alentejo,2020-11-02,2854,50
Alentejo,2020-11-03,2911,51
Alentejo,2020-11-04,3031,53
Alentejo,2020-11-05,3118,54
Alentejo,2020-11-06,3312,60
Alentejo,2020-11-07,3361,63
Alentejo,2020-11-08,3452,65
Alentejo,2020-11-09,3600,66
Alentejo,2020-11-10,3641,69
Alentejo,2020-11-11,3685,71
Alentejo,2020-11-12,3741,73
Alentejo,2020-11-13,3855,74
Alentejo,2020-11-14,3907,76
Alentejo,2020-11-15,3979,76
Alentejo,2020-11-16,4304,79
Alentejo,2020-11-17,4547,83
Alentejo,2020-11-18,4680,88
Alentejo,2020-11-19,4825,89
Alentejo,2020-11-20,4960,89
Alentejo,2020-11-21,5057,94
Alentejo,2020-11-22,5169,96
Alentejo,2020-11-23,5237,98
Alentejo,2020-11-24,5320,101
Alentejo,2020-11-25,5576,102
Alentejo,2020-11-26,5663,106
Alentejo,2020-11-27,5799,108
Alentejo,2020-11-28,5926,112
Alentejo,2020-11-29,6010,114
Alentejo,2020-11-30,6158,116
Alentejo,2020-12-01,6287,119
Alentejo,2020-12-02,6372,121
Alentejo,2020-12-03,6426,121
Alentejo,2020-12-04,6537,122
Alentejo,2020-12-05,6643,123
Alentejo,2020-12-06,6858,125
Alentejo,2020-12-07,6950,127
Alentejo,2020-12-08,6990,128
Alentejo,2020-12-09,7153,134
Alentejo,2020-12-10,7420,136
Alentejo,2020-12-11,7613,138
Alentejo,2020-12-12,7743,141
Alentejo,2020-12-13,7905,145
Alentejo,2020-12-14,8006,148
Alentejo,2020-12-15,8065,151
Alentejo,2020-12-16,8242,153
Alentejo,2020-12-17,8411,156
Alentejo,2020-12-18,8606,160
Alentejo,2020-12-19,8862,162
Alentejo,2020-12-20,9068,164
Alentejo,2020-12-21,9173,169
Alentejo,2020-12-22,9405,173
Alentejo,2020-12-23,9727,176
Alentejo,2020-12-24,9927,180
Alentejo,2020-12-25,10128,183
Alentejo,2020-12-26,10213,190
Alentejo,2020-12-27,10245,194
Alentejo,2020-12-28,10346,196
Alentejo,2020-12-29,10398,202
Alentejo,2020-12-30,10599,211
Alentejo,2020-12-31,11123,218
Alentejo,2021-01-01,11431,221
Alentejo,2021-01-02,11528,230
Alentejo,2021-01-03,11683,239
Alentejo,2021-01-04,12066,249
Alentejo,2021-01-05,12376,263
Alentejo,2021-01-06,12815,278
Alentejo,2021-01-07,13389,288
Alentejo,2021-01-08,13822,297
Alentejo,2021-01-09,14404,308
Alentejo,2021-01-10,14777,315
Alentejo,2021-01-11,15296,324
Alentejo,2021-01-12,15730,336
Alentejo,2021-01-13,16205,347
Alentejo,2021-01-14,16725,356
Alentejo,2021-01-15,17302,371
Alentejo,2021-01-16,17812,388
Alentejo,2021-01-17,18200,400
Alentejo,2021-01-18,18458,414
Alentejo,2021-01-19,18989,431
Alentejo,2021-01-20,19592,447
Alentejo,2021-01-21,20230,463
Alentejo,2021-01-22,20721,482
Alentejo,2021-01-23,21372,505
Alentejo,2021-01-24,21995,535
Alentejo,2021-01-25,22385,556
Alentejo,2021-01-26,22724,571
Alentejo,2021-01-27,23208,597
Alentejo,2021-01-28,23737,620
Alentejo,2021-01-29,24223,634
Alentejo,2021-01-30,24659,651
Alentejo,2021-01-31,24913,667
Alentejo,2021-02-01,25322,688
Alentejo,2021-02-02,25552,705
Alentejo,2021-02-03,25941,721
Alentejo,2021-02-04,26284,741
Alentejo,2021-02-05,26470,766
Alentejo,2021-02-06,26785,781
Alentejo,2021-02-07,26939,794
Alentejo,2021-02-08,26999,813
Alentejo,2021-02-09,27118,829
Alentejo,2021-02-10,27303,841
Alentejo,2021-02-11,27404,852
Alentejo,2021-02-12,27546,862
Alentejo,2021-02-13,27659,874
Alentejo,2021-02-14,27717,885
Alentejo,2021-02-15,27787,888
Alentejo,2021-02-16,27852,898
Alentejo,2021-02-17,27960,905
Alentejo,2021-02-18,28019,911
Alentejo,2021-02-19,28068,915
Alentejo,2021-02-20,28099,921
Alentejo,2021-02-21,28141,922
Alentejo,2021-02-22,28174,924
Alentejo,2021-02-23,28224,929
Alentejo,2021-02-24,28308,933
Alentejo,2021-02-25,28330,935
Alentejo,2021-02-26,28381,941
Alentejo,2021-02-27,28409,944
Alentejo,2021-02-28,28459,947
Alentejo,2021-03-01,28474,947
Alentejo,2021-03-02,28501,948
Alentejo,2021-03-03,28532,949
Alentejo,2021-03-04,28537,954
Alentejo,2021-03-05,28573,957
Alentejo,2021-03-06,28599,957
Alentejo,2021-03-07,28628,958
Alentejo,2021-03-08,28659,958
Alentejo,2021-03-09,28662,959
Alentejo,2021-03-10,28675,961
Alentejo,2021-03-11,28686,961
Alentejo,2021-03-12,28700,961
Alentejo,2021-03-13,28726,962
Alentejo,2021-03-14,28753,963
Alentejo,2021-03-15,28765,964
Alentejo,2021-03-16,28772,965
Alentejo,2021-03-17,28799,965
Alentejo,2021-03-18,28828,966
Alentejo,2021-03-19,28849,966
Algarve,2020-02-26,0,0
Algarve,2020-02-27,0,0
Algarve,2020-02-28,0,0
Algarve,2020-02-29,0,0
Algarve,2020-03-01,0,0
Algarve,2020-03-02,0,0
Algarve,2020-03-03,0,0
Algarve,2020-03-04,0,0
Algarve,2020-03-05,0,0
Algarve,2020-03-06,0,0
Algarve,2020-03-07,0,0
Algarve,2020-03-08,1,0
Algarve,2020-03-09,2,0
Algarve,2020-03-10,2,0
Algarve,2020-03-11,3,0
Algarve,2020-03-12,5,0
Algarve,2020-03-13,6,0
Algarve,2020-03-14,7,0
Algarve,2020-03-15,10,0
Algarve,2020-03-16,13,0
Algarve,2020-03-17,14,0
Algarve,2020-03-18,21,0
Algarve,2020-03-19,25,0
Algarve,2020-03-20,29,1
Algarve,2020-03-21,31,1
Algarve,2020-03-22,35,1
Algarve,2020-03-23,42,1
Algarve,2020-03-24,46,1
Algarve,2020-03-25,62,1
Algarve,2020-03-26,89,1
Algarve,2020-03-27,99,1
Algarve,2020-03-28,106,1
Algarve,2020-03-29,108,2
Algarve,2020-03-30,116,2
Algarve,2020-03-31,137,2
Algarve,2020-04-01,146,2
Algarve,2020-04-02,164,3
Algarve,2020-04-03,179,3
Algarve,2020-04-04,182,5
Algarve,2020-04-05,201,7
Algarve,2020-04-06,229,7
Algarve,2020-04-07,234,7
Algarve,2020-04-08,251,8
Algarve,2020-04-09,260,8
Algarve,2020-04-10,279,8
Algarve,2020-04-11,279,9
Algarve,2020-04-12,279,9
Algarve,2020-04-13,284,9
Algarve,2020-04-14,289,9
Algarve,2020-04-15,295,9
Algarve,2020-04-16,300,9
Algarve,2020-04-17,305,9
Algarve,2020-04-18,306,9
Algarve,2020-04-19,310,10
Algarve,2020-04-20,311,11
Algarve,2020-04-21,313,11
Algarve,2020-04-22,316,11
Algarve,2020-04-23,318,11
Algarve,2020-04-24,320,11
Algarve,2020-04-25,320,11
Algarve,2020-04-26,322,12
Algarve,2020-04-27,328,12
Algarve,2020-04-28,330,12
Algarve,2020-04-29,330,13
Algarve,2020-04-30,331,13
Algarve,2020-05-01,331,13
Algarve,2020-05-02,331,13
Algarve,2020-05-03,331,13
Algarve,2020-05-04,333,13
Algarve,2020-05-05,335,13
Algarve,2020-05-06,342,13
Algarve,2020-05-07,343,13
Algarve,2020-05-08,345,13
Algarve,2020-05-09,345,13
Algarve,2020-05-10,346,13
Algarve,2020-05-11,348,14
Algarve,2020-05-12,350,14
Algarve,2020-05-13,351,14
Algarve,2020-05-14,354,14
Algarve,2020-05-15,355,14
Algarve,2020-05-16,356,15
Algarve,2020-05-17,356,15
Algarve,2020-05-18,356,15
Algarve,2020-05-19,356,15
Algarve,2020-05-20,356,15
Algarve,2020-05-21,357,15
Algarve,2020-05-22,358,15
Algarve,2020-05-23,361,15
Algarve,2020-05-24,361,15
Algarve,2020-05-25,361,15
Algarve,2020-05-26,363,15
Algarve,2020-05-27,363,15
Algarve,2020-05-28,366,15
Algarve,2020-05-29,366,15
Algarve,2020-05-30,367,15
Algarve,2020-05-31,370,15
Algarve,2020-06-01,372,15
Algarve,2020-06-02,372,15
Algarve,2020-06-03,376,15
Algarve,2020-06-04,376,15
Algarve,2020-06-05,380,15
Algarve,2020-06-06,382,15
Algarve,2020-06-07,389,15
Algarve,2020-06-08,389,15
Algarve,2020-06-09,389,15
Algarve,2020-06-10,391,15
Algarve,2020-06-11,391,15
Algarve,2020-06-12,393,15
Algarve,2020-06-13,393,15
Algarve,2020-06-14,395,15
Algarve,2020-06-15,399,15
Algarve,2020-06-16,407,15
Algarve,2020-06-17,413,15
Algarve,2020-06-18,448,15
Algarve,2020-06-19,480,15
Algarve,2020-06-20,499,15
Algarve,2020-06-21,521,15
Algarve,2020-06-22,529,15
Algarve,2020-06-23,536,15
Algarve,2020-06-24,552,15
Algarve,2020-06-25,574,15
Algarve,2020-06-26,574,15
Algarve,2020-06-27,595,15
Algarve,2020-06-28,612,15
Algarve,2020-06-29,615,15
Algarve,2020-06-30,618,15
Algarve,2020-07-01,632,15
Algarve,2020-07-02,639,15
Algarve,2020-07-03,649,15
Algarve,2020-07-04,653,15
Algarve,2020-07-05,662,15
Algarve,2020-07-06,663,15
Algarve,2020-07-07,663,15
Algarve,2020-07-08,676,15
Algarve,2020-07-09,683,15
Algarve,2020-07-10,688,15
Algarve,2020-07-11,695,15
Algarve,2020-07-12,704,15
Algarve,2020-07-13,708,15
Algarve,2020-07-14,725,15
Algarve,2020-07-15,750,15
Algarve,2020-07-16,757,15
Algarve,2020-07-17,764,15
Algarve,2020-07-18,780,15
Algarve,2020-07-19,790,15
Algarve,2020-07-20,790,15
Algarve,2020-07-21,792,15
Algarve,2020-07-22,796,15
Algarve,2020-07-23,806,15
Algarve,2020-07-24,817,15
Algarve,2020-07-25,838,15
Algarve,2020-07-26,853,15
Algarve,2020-07-27,853,15
Algarve,2020-07-28,853,15
Algarve,2020-07-29,858,15
Algarve,2020-07-30,878,15
Algarve,2020-07-31,883,15
Algarve,2020-08-01,879,15
Algarve,2020-08-02,887,15
Algarve,2020-08-03,892,15
Algarve,2020-08-04,901,15
Algarve,2020-08-05,902,15
Algarve,2020-08-06,905,15
Algarve,2020-08-07,911,15
Algarve,2020-08-08,926,16
Algarve,2020-08-09,929,17
Algarve,2020-08-10,931,17
Algarve,2020-08-11,934,17
Algarve,2020-08-12,938,17
Algarve,2020-08-13,946,17
Algarve,2020-08-14,957,17
Algarve,2020-08-15,965,17
Algarve,2020-08-16,975,17
Algarve,2020-08-17,980,17
Algarve,2020-08-18,983,17
Algarve,2020-08-19,987,17
Algarve,2020-08-20,996,17
Algarve,2020-08-21,1007,17
Algarve,2020-08-22,1014,17
Algarve,2020-08-23,1028,17
Algarve,2020-08-24,1034,17
Algarve,2020-08-25,1039,17
Algarve,2020-08-26,1044,17
Algarve,2020-08-27,1052,17
Algarve,2020-08-28,1062,17
Algarve,2020-08-29,1099,17
Algarve,2020-08-30,1105,17
Algarve,2020-08-31,1112,17
Algarve,2020-09-01,1112,17
Algarve,2020-09-02,1123,17
Algarve,2020-09-03,1141,17
Algarve,2020-09-04,1150,17
Algarve,2020-09-05,1159,17
Algarve,2020-09-06,1165,17
Algarve,2020-09-07,1168,17
Algarve,2020-09-08,1171,17
Algarve,2020-09-09,1186,17
Algarve,2020-09-10,1192,17
Algarve,2020-09-11,1207,18
Algarve,2020-09-12,1214,18
Algarve,2020-09-13,1234,18
Algarve,2020-09-14,1244,18
Algarve,2020-09-15,1259,19
Algarve,2020-09-16,1277,19
Algarve,2020-09-17,1304,19
Algarve,2020-09-18,1324,19
Algarve,2020-09-19,1359,19
Algarve,2020-09-20,1392,19
Algarve,2020-09-21,1401,19
Algarve,2020-09-22,1422,19
Algarve,2020-09-23,1450,19
Algarve,2020-09-24,1466,19
Algarve,2020-09-25,1513,19
Algarve,2020-09-26,1543,19
Algarve,2020-09-27,1581,19
Algarve,2020-09-28,1600,19
Algarve,2020-09-29,1622,19
Algarve,2020-09-30,1663,19
Algarve,2020-10-01,1693,19
Algarve,2020-10-02,1743,19
Algarve,2020-10-03,1792,19
Algarve,2020-10-04,1807,19
Algarve,2020-10-05,1832,19
Algarve,2020-10-06,1841,19
Algarve,2020-10-07,1862,20
Algarve,2020-10-08,1892,20
Algarve,2020-10-09,1923,20
Algarve,2020-10-10,1931,21
Algarve,2020-10-11,1974,21
Algarve,2020-10-12,2001,21
Algarve,2020-10-13,2025,21
Algarve,2020-10-14,2067,21
Algarve,2020-10-15,2080,21
Algarve,2020-10-16,2124,21
Algarve,2020-10-17,2171,22
Algarve,2020-10-18,2199,22
Algarve,2020-10-19,2231,22
Algarve,2020-10-20,2266,22
Algarve,2020-10-21,2307,23
Algarve,2020-10-22,2335,23
Algarve,2020-10-23,2373,24
Algarve,2020-10-24,2427,35
Algarve,2020-10-25,2469,25
Algarve,2020-10-26,2496,25
Algarve,2020-10-27,2526,25
Algarve,2020-10-28,2579,25
Algarve,2020-10-29,2642,25
Algarve,2020-10-30,2699,27
Algarve,2020-10-31,2779,28
Algarve,2020-11-01,2838,28
Algarve,2020-11-02,2904,29
Algarve,2020-11-03,2951,29
Algarve,2020-11-04,3032,29
Algarve,2020-11-05,3129,29
Algarve,2020-11-06,3285,29
Algarve,2020-11-07,3367,29
Algarve,2020-11-08,3441,30
Algarve,2020-11-09,3501,31
Algarve,2020-11-10,3558,31
Algarve,2020-11-11,3638,31
Algarve,2020-11-12,3715,31
Algarve,2020-11-13,3801,32
Algarve,2020-11-14,3896,32
Algarve,2020-11-15,3954,34
Algarve,2020-11-16,4173,34
Algarve,2020-11-17,4238,36
Algarve,2020-11-18,4357,37
Algarve,2020-11-19,4459,40
Algarve,2020-11-20,4549,41
Algarve,2020-11-21,4606,42
Algarve,2020-11-22,4679,42
Algarve,2020-11-23,4805,43
Algarve,2020-11-24,4870,43
Algarve,2020-11-25,4951,43
Algarve,2020-11-26,5036,44
Algarve,2020-11-27,5126,47
Algarve,2020-11-28,5220,48
Algarve,2020-11-29,5269,49
Algarve,2020-11-30,5303,49
Algarve,2020-12-01,5351,51
Algarve,2020-12-02,5425,51
Algarve,2020-12-03,5456,51
Algarve,2020-12-04,5529,54
Algarve,2020-12-05,5617,55
Algarve,2020-12-06,5679,55
Algarve,2020-12-07,5714,55
Algarve,2020-12-08,5789,55
Algarve,2020-12-09,5886,55
Algarve,2020-12-10,5949,56
Algarve,2020-12-11,6015,58
Algarve,2020-12-12,6077,58
Algarve,2020-12-13,6143,59
Algarve,2020-12-14,6182,61
Algarve,2020-12-15,6224,61
Algarve,2020-12-16,6318,62
Algarve,2020-12-17,6391,62
Algarve,2020-12-18,6458,62
Algarve,2020-12-19,6526,63
Algarve,2020-12-20,6589,64
Algarve,2020-12-21,6623,64
Algarve,2020-12-22,6661,64
Algarve,2020-12-23,6812,64
Algarve,2020-12-24,6906,64
Algarve,2020-12-25,7031,64
Algarve,2020-12-26,7074,65
Algarve,2020-12-27,7112,65
Algarve,2020-12-28,7169,68
Algarve,2020-12-29,7259,69
Algarve,2020-12-30,7479,71
Algarve,2020-12-31,7698,71
Algarve,2021-01-01,7897,72
Algarve,2021-01-02,8015,72
Algarve,2021-01-03,8148,73
Algarve,2021-01-04,8336,74
Algarve,2021-01-05,8529,75
Algarve,2021-01-06,8836,76
Algarve,2021-01-07,9184,79
Algarve,2021-01-08,9584,82
Algarve,2021-01-09,9910,84
Algarve,2021-01-10,10195,88
Algarve,2021-01-11,10428,92
Algarve,2021-01-12,10571,93
Algarve,2021-01-13,10982,99
Algarve,2021-01-14,11382,101
Algarve,2021-01-15,11710,111
Algarve,2021-01-16,12112,116
Algarve,2021-01-17,12460,119
Algarve,2021-01-18,12699,122
Algarve,2021-01-19,12897,127
Algarve,2021-01-20,13356,132
Algarve,2021-01-21,13711,140
Algarve,2021-01-22,14170,148
Algarve,2021-01-23,14641,157
Algarve,2021-01-24,15065,165
Algarve,2021-01-25,15326,172
Algarve,2021-01-26,15529,178
Algarve,2021-01-27,16029,183
Algarve,2021-01-28,16356,193
Algarve,2021-01-29,16737,196
Algarve,2021-01-30,17005,205
Algarve,2021-01-31,17238,210
Algarve,2021-02-01,17443,219
Algarve,2021-02-02,17569,226
Algarve,2021-02-03,17836,230
Algarve,2021-02-04,18223,234
Algarve,2021-02-05,18425,244
Algarve,2021-02-06,18572,250
Algarve,2021-02-07,18714,260
Algarve,2021-02-08,18775,264
Algarve,2021-02-09,18863,265
Algarve,2021-02-10,18992,271
Algarve,2021-02-11,19140,277
Algarve,2021-02-12,19249,284
Algarve,2021-02-13,19319,295
Algarve,2021-02-14,19368,300
Algarve,2021-02-15,19398,306
Algarve,2021-02-16,19472,308
Algarve,2021-02-17,19573,314
Algarve,2021-02-18,19629,320
Algarve,2021-02-19,19704,322
Algarve,2021-02-20,19788,325
Algarve,2021-02-21,19810,328
Algarve,2021-02-22,19832,330
Algarve,2021-02-23,19893,332
Algarve,2021-02-24,19944,332
Algarve,2021-02-25,19989,335
Algarve,2021-02-26,20043,335
Algarve,2021-02-27,20066,337
Algarve,2021-02-28,20098,339
Algarve,2021-03-01,20110,339
Algarve,2021-03-02,20121,341
Algarve,2021-03-03,20158,344
Algarve,2021-03-04,20180,344
Algarve,2021-03-05,20189,344
Algarve,2021-03-06,20207,344
Algarve,2021-03-07,20239,344
Algarve,2021-03-08,20250,344
Algarve,2021-03-09,20254,344
Algarve,2021-03-10,20267,346
Algarve,2021-03-11,20280,346
Algarve,2021-03-12,20307,348
Algarve,2021-03-13,20311,348
Algarve,2021-03-14,20320,348
Algarve,2021-03-15,20324,348
Algarve,2021-03-16,20337,348
Algarve,2021-03-17,20350,349
Algarve,2021-03-18,20358,351
Algarve,2021-03-19,20379,351
Centro,2020-02-26,0,0
Centro,2020-02-27,0,0
Centro,2020-02-28,0,0
Centro,2020-02-29,0,0
Centro,2020-03-01,0,0
Centro,2020-03-02,0,0
Centro,2020-03-03,1,0
Centro,2020-03-04,1,0
Centro,2020-03-05,1,0
Centro,2020-03-06,1,0
Centro,2020-03-07,1,0
Centro,2020-03-08,1,0
Centro,2020-03-09,1,0
Centro,2020-03-10,2,0
Centro,2020-03-11,3,0
Centro,2020-03-12,5,0
Centro,2020-03-13,6,0
Centro,2020-03-14,8,0
Centro,2020-03-15,10,0
Centro,2020-03-16,31,0
Centro,2020-03-17,51,0
Centro,2020-03-18,74,0
Centro,2020-03-19,86,1
Centro,2020-03-20,106,2
Centro,2020-03-21,137,4
Centro,2020-03-22,180,4
Centro,2020-03-23,238,5
Centro,2020-03-24,293,6
Centro,2020-03-25,365,10
Centro,2020-03-26,435,13
Centro,2020-03-27,520,18
Centro,2020-03-28,647,28
Centro,2020-03-29,709,28
Centro,2020-03-30,784,34
Centro,2020-03-31,911,40
Centro,2020-04-01,1043,52
Centro,2020-04-02,1161,55
Centro,2020-04-03,1286,61
Centro,2020-04-04,1372,66
Centro,2020-04-05,1442,72
Centro,2020-04-06,1521,76
Centro,2020-04-07,1766,88
Centro,2020-04-08,1865,96
Centro,2020-04-09,1905,104
Centro,2020-04-10,2197,107
Centro,2020-04-11,2327,113
Centro,2020-04-12,2426,120
Centro,2020-04-13,2477,123
Centro,2020-04-14,2549,131
Centro,2020-04-15,2629,136
Centro,2020-04-16,2756,146
Centro,2020-04-17,2778,148
Centro,2020-04-18,2863,157
Centro,2020-04-19,2923,164
Centro,2020-04-20,2952,164
Centro,2020-04-21,2999,171
Centro,2020-04-22,3053,175
Centro,2020-04-23,3084,179
Centro,2020-04-24,3116,183
Centro,2020-04-25,3183,188
Centro,2020-04-26,3232,188
Centro,2020-04-27,3252,191
Centro,2020-04-28,3289,194
Centro,2020-04-29,3340,196
Centro,2020-04-30,3389,198
Centro,2020-05-01,3419,201
Centro,2020-05-02,3426,206
Centro,2020-05-03,3447,209
Centro,2020-05-04,3478,209
Centro,2020-05-05,3489,211
Centro,2020-05-06,3505,213
Centro,2020-05-07,3545,213
Centro,2020-05-08,3564,214
Centro,2020-05-09,3581,215
Centro,2020-05-10,3581,216
Centro,2020-05-11,3545,216
Centro,2020-05-12,3553,219
Centro,2020-05-13,3559,221
Centro,2020-05-14,3569,221
Centro,2020-05-15,3598,221
Centro,2020-05-16,3609,221
Centro,2020-05-17,3626,221
Centro,2020-05-18,3628,223
Centro,2020-05-19,3644,227
Centro,2020-05-20,3655,230
Centro,2020-05-21,3662,232
Centro,2020-05-22,3664,233
Centro,2020-05-23,3676,230
Centro,2020-05-24,3683,231
Centro,2020-05-25,3683,233
Centro,2020-05-26,3690,234
Centro,2020-05-27,3690,235
Centro,2020-05-28,3710,237
Centro,2020-05-29,3728,237
Centro,2020-05-30,3739,238
Centro,2020-05-31,3744,238
Centro,2020-06-01,3747,239
Centro,2020-06-02,3753,240
Centro,2020-06-03,3765,240
Centro,2020-06-04,3770,240
Centro,2020-06-05,3789,244
Centro,2020-06-06,3799,244
Centro,2020-06-07,3823,244
Centro,2020-06-08,3826,244
Centro,2020-06-09,3837,244
Centro,2020-06-10,3837,245
Centro,2020-06-11,3841,246
Centro,2020-06-12,3846,246
Centro,2020-06-13,3868,246
Centro,2020-06-14,3874,246
Centro,2020-06-15,3892,246
Centro,2020-06-16,3904,246
Centro,2020-06-17,3913,246
Centro,2020-06-18,3934,246
Centro,2020-06-19,3955,247
Centro,2020-06-20,3966,247
Centro,2020-06-21,3991,248
Centro,2020-06-22,4005,248
Centro,2020-06-23,4014,248
Centro,2020-06-24,4042,248
Centro,2020-06-25,4055,248
Centro,2020-06-26,4056,248
Centro,2020-06-27,4080,248
Centro,2020-06-28,4094,248
Centro,2020-06-29,4100,248
Centro,2020-06-30,4110,248
Centro,2020-07-01,4121,248
Centro,2020-07-02,4121,249
Centro,2020-07-03,4137,248
Centro,2020-07-04,4157,248
Centro,2020-07-05,4189,248
Centro,2020-07-06,4195,248
Centro,2020-07-07,4211,248
Centro,2020-07-08,4232,248
Centro,2020-07-09,4245,248
Centro,2020-07-10,4254,250
Centro,2020-07-11,4255,250
Centro,2020-07-12,4267,250
Centro,2020-07-13,4276,250
Centro,2020-07-14,4297,250
Centro,2020-07-15,4319,251
Centro,2020-07-16,4330,251
Centro,2020-07-17,4340,251
Centro,2020-07-18,4354,251
Centro,2020-07-19,4357,251
Centro,2020-07-20,4361,251
Centro,2020-07-21,4367,251
Centro,2020-07-22,4379,252
Centro,2020-07-23,4387,252
Centro,2020-07-24,4392,252
Centro,2020-07-25,4401,252
Centro,2020-07-26,4407,252
Centro,2020-07-27,4411,252
Centro,2020-07-28,4422,252
Centro,2020-07-29,4429,252
Centro,2020-07-30,4435,252
Centro,2020-07-31,4439,252
Centro,2020-08-01,4449,252
Centro,2020-08-02,4455,252
Centro,2020-08-03,4465,252
Centro,2020-08-04,4475,252
Centro,2020-08-05,4478,252
Centro,2020-08-06,4494,252
Centro,2020-08-07,4508,252
Centro,2020-08-08,4513,253
Centro,2020-08-09,4514,253
Centro,2020-08-10,4520,253
Centro,2020-08-11,4526,253
Centro,2020-08-12,4538,253
Centro,2020-08-13,4560,253
Centro,2020-08-14,4568,253
Centro,2020-08-15,4584,253
Centro,2020-08-16,4585,253
Centro,2020-08-17,4591,253
Centro,2020-08-18,4603,253
Centro,2020-08-19,4620,253
Centro,2020-08-20,4626,253
Centro,2020-08-21,4634,253
Centro,2020-08-22,4648,253
Centro,2020-08-23,4661,253
Centro,2020-08-24,4669,253
Centro,2020-08-25,4677,253
Centro,2020-08-26,4702,253
Centro,2020-08-27,4728,253
Centro,2020-08-28,4757,253
Centro,2020-08-29,4780,253
Centro,2020-08-30,4800,253
Centro,2020-08-31,4807,253
Centro,2020-09-01,4830,253
Centro,2020-09-02,4853,253
Centro,2020-09-03,4860,253
Centro,2020-09-04,4903,253
Centro,2020-09-05,4942,254
Centro,2020-09-06,4961,254
Centro,2020-09-07,4978,254
Centro,2020-09-08,5004,254
Centro,2020-09-09,5044,254
Centro,2020-09-10,5094,254
Centro,2020-09-11,5154,254
Centro,2020-09-12,5193,254
Centro,2020-09-13,5228,254
Centro,2020-09-14,5279,254
Centro,2020-09-15,5330,254
Centro,2020-09-16,5383,254
Centro,2020-09-17,5480,256
Centro,2020-09-18,5526,256
Centro,2020-09-19,5592,256
Centro,2020-09-20,5621,256
Centro,2020-09-21,5651,257
Centro,2020-09-22,5687,257
Centro,2020-09-23,5760,257
Centro,2020-09-24,5833,258
Centro,2020-09-25,5885,259
Centro,2020-09-26,5947,260
Centro,2020-09-27,6017,262
Centro,2020-09-28,6060,262
Centro,2020-09-29,6076,263
Centro,2020-09-30,6158,263
Centro,2020-10-01,6212,263
Centro,2020-10-02,6294,263
Centro,2020-10-03,6354,265
Centro,2020-10-04,6423,265
Centro,2020-10-05,6468,267
Centro,2020-10-06,6503,268
Centro,2020-10-07,6561,269
Centro,2020-10-08,6662,271
Centro,2020-10-09,6758,272
Centro,2020-10-10,6913,272
Centro,2020-10-11,6995,272
Centro,2020-10-12,7082,272
Centro,2020-10-13,7176,273
Centro,2020-10-14,7348,273
Centro,2020-10-15,7511,275
Centro,2020-10-16,7834,277
Centro,2020-10-17,7983,277
Centro,2020-10-18,8214,277
Centro,2020-10-19,8347,279
Centro,2020-10-20,8546,281
Centro,2020-10-21,8743,283
Centro,2020-10-22,9024,285
Centro,2020-10-23,9388,290
Centro,2020-10-24,9661,291
Centro,2020-10-25,9951,291
Centro,2020-10-26,10118,296
Centro,2020-10-27,10319,300
Centro,2020-10-28,10877,304
Centro,2020-10-29,11401,309
Centro,2020-10-30,11735,312
Centro,2020-10-31,12287,314
Centro,2020-11-01,12717,317
Centro,2020-11-02,13050,323
Centro,2020-11-03,13342,328
Centro,2020-11-04,13860,333
Centro,2020-11-05,14369,341
Centro,2020-11-06,15045,349
Centro,2020-11-07,15757,352
Centro,2020-11-08,16347,356
Centro,2020-11-09,16726,361
Centro,2020-11-10,17016,372
Centro,2020-11-11,17759,389
Centro,2020-11-12,18508,395
Centro,2020-11-13,19134,403
Centro,2020-11-14,19849,411
Centro,2020-11-15,20562,422
Centro,2020-11-16,21053,433
Centro,2020-11-17,21406,444
Centro,2020-11-18,22197,454
Centro,2020-11-19,22921,466
Centro,2020-11-20,23720,478
Centro,2020-11-21,24376,487
Centro,2020-11-22,25013,499
Centro,2020-11-23,25503,509
Centro,2020-11-24,25949,521
Centro,2020-11-25,26455,531
Centro,2020-11-26,27419,537
Centro,2020-11-27,28050,545
Centro,2020-11-28,28825,556
Centro,2020-11-29,29269,564
Centro,2020-11-30,29676,570
Centro,2020-12-01,30025,583
Centro,2020-12-02,30426,590
Centro,2020-12-03,30870,607
Centro,2020-12-04,31496,621
Centro,2020-12-05,32362,629
Centro,2020-12-06,32862,643
Centro,2020-12-07,33154,657
Centro,2020-12-08,33572,670
Centro,2020-12-09,34127,683
Centro,2020-12-10,34571,697
Centro,2020-12-11,35358,713
Centro,2020-12-12,36096,734
Centro,2020-12-13,36616,752
Centro,2020-12-14,36871,776
Centro,2020-12-15,37307,794
Centro,2020-12-16,38147,808
Centro,2020-12-17,38878,823
Centro,2020-12-18,39552,835
Centro,2020-12-19,40348,845
Centro,2020-12-20,40891,866
Centro,2020-12-21,41243,872
Centro,2020-12-22,41671,889
Centro,2020-12-23,42462,903
Centro,2020-12-24,43272,916
Centro,2020-12-25,43892,926
Centro,2020-12-26,44040,934
Centro,2020-12-27,44319,945
Centro,2020-12-28,44615,959
Centro,2020-12-29,45243,968
Centro,2020-12-30,46306,980
Centro,2020-12-31,47721,996
Centro,2021-01-01,49195,1006
Centro,2021-01-02,49642,1020
Centro,2021-01-03,50247,1030
Centro,2021-01-04,50891,1045
Centro,2021-01-05,51736,1062
Centro,2021-01-06,53668,1076
Centro,2021-01-07,55523,1093
Centro,2021-01-08,57486,1119
Centro,2021-01-09,59560,1144
Centro,2021-01-10,60922,1169
Centro,2021-01-11,61919,1197
Centro,2021-01-12,63048,1233
Centro,2021-01-13,65184,1269
Centro,2021-01-14,67312,1298
Centro,2021-01-15,69353,1332
Centro,2021-01-16,71489,1360
Centro,2021-01-17,73351,1402
Centro,2021-01-18,74568,1440
Centro,2021-01-19,76173,1495
Centro,2021-01-20,78953,1539
Centro,2021-01-21,81492,1598
Centro,2021-01-22,84162,1646
Centro,2021-01-23,87095,1711
Centro,2021-01-24,89314,1765
Centro,2021-01-25,90357,1821
Centro,2021-01-26,91764,1876
Centro,2021-01-27,94073,1942
Centro,2021-01-28,96809,2008
Centro,2021-01-29,98651,2061
Centro,2021-01-30,101150,2124
Centro,2021-01-31,102535,2201
Centro,2021-02-01,103094,2252
Centro,2021-02-02,104034,2307
Centro,2021-02-03,105421,2353
Centro,2021-02-04,106539,2391
Centro,2021-02-05,107589,2433
Centro,2021-02-06,108549,2481
Centro,2021-02-07,109225,2521
Centro,2021-02-08,109402,2559
Centro,2021-02-09,109841,2593
Centro,2021-02-10,110616,2624
Centro,2021-02-11,111134,2646
Centro,2021-02-12,111561,2678
Centro,2021-02-13,112051,2703
Centro,2021-02-14,112296,2730
Centro,2021-02-15,112394,2745
Centro,2021-02-16,112694,2765
Centro,2021-02-17,113061,2786
Centro,2021-02-18,113348,2803
Centro,2021-02-19,113635,2816
Centro,2021-02-20,113849,2829
Centro,2021-02-21,114051,2844
Centro,2021-02-22,114099,2859
Centro,2021-02-23,114245,2870
Centro,2021-02-24,114443,2877
Centro,2021-02-25,114580,2882
Centro,2021-02-26,114720,2895
Centro,2021-02-27,114860,2900
Centro,2021-02-28,114957,2905
Centro,2021-03-01,114984,2915
Centro,2021-03-02,115057,2922
Centro,2021-03-03,115175,2926
Centro,2021-03-04,115286,2932
Centro,2021-03-05,115404,2935
Centro,2021-03-06,115529,2941
Centro,2021-03-07,115629,2947
Centro,2021-03-08,115648,2951
Centro,2021-03-09,115711,2957
Centro,2021-03-10,115832,2962
Centro,2021-03-11,115921,2962
Centro,2021-03-12,115990,2964
Centro,2021-03-13,116104,2966
Centro,2021-03-14,116219,2970
Centro,2021-03-15,116241,2972
Centro,2021-03-16,116305,2976
Centro,2021-03-17,116389,2977
Centro,2021-03-18,116440,2979
Centro,2021-03-19,116544,2983
Lisboa (LVT),2020-02-26,0,0
Lisboa (LVT),2020-02-27,0,0
Lisboa (LVT),2020-02-28,0,0
Lisboa (LVT),2020-02-29,0,0
Lisboa (LVT),2020-03-01,0,0
Lisboa (LVT),2020-03-02,0,0
Lisboa (LVT),2020-03-03,1,0
Lisboa (LVT),2020-03-04,2,0
Lisboa (LVT),2020-03-05,3,0
Lisboa (LVT),2020-03-06,4,0
Lisboa (LVT),2020-03-07,5,0
Lisboa (LVT),2020-03-08,6,0
Lisboa (LVT),2020-03-09,9,0
Lisboa (LVT),2020-03-10,10,0
Lisboa (LVT),2020-03-11,17,0
Lisboa (LVT),2020-03-12,23,0
Lisboa (LVT),2020-03-13,46,0
Lisboa (LVT),2020-03-14,73,0
Lisboa (LVT),2020-03-15,116,0
Lisboa (LVT),2020-03-16,142,0
Lisboa (LVT),2020-03-17,180,1
Lisboa (LVT),2020-03-18,243,1
Lisboa (LVT),2020-03-19,278,2
Lisboa (LVT),2020-03-20,361,2
Lisboa (LVT),2020-03-21,448,3
Lisboa (LVT),2020-03-22,534,4
Lisboa (LVT),2020-03-23,737,8
Lisboa (LVT),2020-03-24,852,12
Lisboa (LVT),2020-03-25,992,12
Lisboa (LVT),2020-03-26,1082,18
Lisboa (LVT),2020-03-27,1110,24
Lisboa (LVT),2020-03-28,1287,27
Lisboa (LVT),2020-03-29,1478,28
Lisboa (LVT),2020-03-30,1577,30
Lisboa (LVT),2020-03-31,1799,35
Lisboa (LVT),2020-04-01,1998,38
Lisboa (LVT),2020-04-02,2207,44
Lisboa (LVT),2020-04-03,2347,51
Lisboa (LVT),2020-04-04,2513,54
Lisboa (LVT),2020-04-05,2904,58
Lisboa (LVT),2020-04-06,3070,60
Lisboa (LVT),2020-04-07,3185,64
Lisboa (LVT),2020-04-08,3424,68
Lisboa (LVT),2020-04-09,3451,72
Lisboa (LVT),2020-04-10,3821,78
Lisboa (LVT),2020-04-11,3834,87
Lisboa (LVT),2020-04-12,3841,91
Lisboa (LVT),2020-04-13,3896,96
Lisboa (LVT),2020-04-14,3994,102
Lisboa (LVT),2020-04-15,4102,111
Lisboa (LVT),2020-04-16,4237,115
Lisboa (LVT),2020-04-17,4302,119
Lisboa (LVT),2020-04-18,4438,124
Lisboa (LVT),2020-04-19,4500,126
Lisboa (LVT),2020-04-20,4709,130
Lisboa (LVT),2020-04-21,4896,133
Lisboa (LVT),2020-04-22,5093,138
Lisboa (LVT),2020-04-23,5194,146
Lisboa (LVT),2020-04-24,5277,160
Lisboa (LVT),2020-04-25,5435,170
Lisboa (LVT),2020-04-26,5531,175
Lisboa (LVT),2020-04-27,5556,179
Lisboa (LVT),2020-04-28,5593,185
Lisboa (LVT),2020-04-29,5695,195
Lisboa (LVT),2020-04-30,5815,199
Lisboa (LVT),2020-05-01,5939,202
Lisboa (LVT),2020-05-02,6047,205
Lisboa (LVT),2020-05-03,6047,210
Lisboa (LVT),2020-05-04,6136,218
Lisboa (LVT),2020-05-05,6241,223
Lisboa (LVT),2020-05-06,6641,226
Lisboa (LVT),2020-05-07,6935,230
Lisboa (LVT),2020-05-08,7093,233
Lisboa (LVT),2020-05-09,7166,238
Lisboa (LVT),2020-05-10,7242,243
Lisboa (LVT),2020-05-11,7316,248
Lisboa (LVT),2020-05-12,7494,254
Lisboa (LVT),2020-05-13,7647,257
Lisboa (LVT),2020-05-14,7767,259
Lisboa (LVT),2020-05-15,7951,262
Lisboa (LVT),2020-05-16,8097,267
Lisboa (LVT),2020-05-17,8235,273
Lisboa (LVT),2020-05-18,8361,279
Lisboa (LVT),2020-05-19,8490,282
Lisboa (LVT),2020-05-20,8688,289
Lisboa (LVT),2020-05-21,8878,297
Lisboa (LVT),2020-05-22,9106,300
Lisboa (LVT),2020-05-23,9292,309
Lisboa (LVT),2020-05-24,9423,316
Lisboa (LVT),2020-05-25,9567,322
Lisboa (LVT),2020-05-26,9778,325
Lisboa (LVT),2020-05-27,10055,335
Lisboa (LVT),2020-05-28,10320,340
Lisboa (LVT),2020-05-29,10643,346
Lisboa (LVT),2020-05-30,10874,354
Lisboa (LVT),2020-05-31,11142,357
Lisboa (LVT),2020-06-01,11335,363
Lisboa (LVT),2020-06-02,11493,370
Lisboa (LVT),2020-06-03,11828,380
Lisboa (LVT),2020-06-04,12137,383
Lisboa (LVT),2020-06-05,12473,387
Lisboa (LVT),2020-06-06,12818,395
Lisboa (LVT),2020-06-07,13073,398
Lisboa (LVT),2020-06-08,13222,403
Lisboa (LVT),2020-06-09,13608,408
Lisboa (LVT),2020-06-10,13878,412
Lisboa (LVT),2020-06-11,14161,417
Lisboa (LVT),2020-06-12,14407,417
Lisboa (LVT),2020-06-13,14622,422
Lisboa (LVT),2020-06-14,14828,427
Lisboa (LVT),2020-06-15,15128,429
Lisboa (LVT),2020-06-16,15364,431
Lisboa (LVT),2020-06-17,15646,432
Lisboa (LVT),2020-06-18,15971,433
Lisboa (LVT),2020-06-19,16255,435
Lisboa (LVT),2020-06-20,16537,435
Lisboa (LVT),2020-06-21,16762,436
Lisboa (LVT),2020-06-22,16926,440
Lisboa (LVT),2020-06-23,17225,446
Lisboa (LVT),2020-06-24,17527,449
Lisboa (LVT),2020-06-25,17767,453
Lisboa (LVT),2020-06-26,18106,457
Lisboa (LVT),2020-06-27,18361,463
Lisboa (LVT),2020-06-28,18752,465
Lisboa (LVT),2020-06-29,18977,468
Lisboa (LVT),2020-06-30,19195,473
Lisboa (LVT),2020-07-01,19452,475
Lisboa (LVT),2020-07-02,19775,480
Lisboa (LVT),2020-07-03,20156,491
Lisboa (LVT),2020-07-04,20473,498
Lisboa (LVT),2020-07-05,20727,504
Lisboa (LVT),2020-07-06,20922,507
Lisboa (LVT),2020-07-07,21129,513
Lisboa (LVT),2020-07-08,21456,514
Lisboa (LVT),2020-07-09,21784,527
Lisboa (LVT),2020-07-10,22126,527
Lisboa (LVT),2020-07-11,22385,535
Lisboa (LVT),2020-07-12,22611,540
Lisboa (LVT),2020-07-13,22865,541
Lisboa (LVT),2020-07-14,23008,547
Lisboa (LVT),2020-07-15,23296,550
Lisboa (LVT),2020-07-16,23570,553
Lisboa (LVT),2020-07-17,23806,555
Lisboa (LVT),2020-07-18,24047,557
Lisboa (LVT),2020-07-19,24261,562
Lisboa (LVT),2020-07-20,24369,564
Lisboa (LVT),2020-07-21,24470,570
Lisboa (LVT),2020-07-22,24685,574
Lisboa (LVT),2020-07-23,24857,576
Lisboa (LVT),2020-07-24,25110,582
Lisboa (LVT),2020-07-25,25293,585
Lisboa (LVT),2020-07-26,25448,586
Lisboa (LVT),2020-07-27,25549,588
Lisboa (LVT),2020-07-28,25617,591
Lisboa (LVT),2020-07-29,25763,594
Lisboa (LVT),2020-07-30,25939,596
Lisboa (LVT),2020-07-31,26067,604
Lisboa (LVT),2020-08-01,26231,605
Lisboa (LVT),2020-08-02,26323,606
Lisboa (LVT),2020-08-03,26389,606
Lisboa (LVT),2020-08-04,26457,606
Lisboa (LVT),2020-08-05,26573,607
Lisboa (LVT),2020-08-06,26720,608
Lisboa (LVT),2020-08-07,26928,611
Lisboa (LVT),2020-08-08,27041,613
Lisboa (LVT),2020-08-09,27110,617
Lisboa (LVT),2020-08-10,27209,620
Lisboa (LVT),2020-08-11,27281,620
Lisboa (LVT),2020-08-12,27441,621
Lisboa (LVT),2020-08-13,27645,625
Lisboa (LVT),2020-08-14,27794,627
Lisboa (LVT),2020-08-15,27888,629
Lisboa (LVT),2020-08-16,27931,631
Lisboa (LVT),2020-08-17,27997,632
Lisboa (LVT),2020-08-18,28125,637
Lisboa (LVT),2020-08-19,28284,639
Lisboa (LVT),2020-08-20,28454,640
Lisboa (LVT),2020-08-21,28579,643
Lisboa (LVT),2020-08-22,28706,645
Lisboa (LVT),2020-08-23,28753,646
Lisboa (LVT),2020-08-24,28816,649
Lisboa (LVT),2020-08-25,28932,652
Lisboa (LVT),2020-08-26,29146,654
Lisboa (LVT),2020-08-27,29332,656
Lisboa (LVT),2020-08-28,29514,660
Lisboa (LVT),2020-08-29,29663,663
Lisboa (LVT),2020-08-30,29784,663
Lisboa (LVT),2020-08-31,29921,666
Lisboa (LVT),2020-09-01,30040,668
Lisboa (LVT),2020-09-02,30208,671
Lisboa (LVT),2020-09-03,30415,673
Lisboa (LVT),2020-09-04,30609,677
Lisboa (LVT),2020-09-05,30839,681
Lisboa (LVT),2020-09-06,30963,683
Lisboa (LVT),2020-09-07,31048,686
Lisboa (LVT),2020-09-08,31273,687
Lisboa (LVT),2020-09-09,31563,689
Lisboa (LVT),2020-09-10,31802,692
Lisboa (LVT),2020-09-11,32170,694
Lisboa (LVT),2020-09-12,32413,698
Lisboa (LVT),2020-09-13,32732,704
Lisboa (LVT),2020-09-14,33070,705
Lisboa (LVT),2020-09-15,33297,706
Lisboa (LVT),2020-09-16,33587,709
Lisboa (LVT),2020-09-17,33960,711
Lisboa (LVT),2020-09-18,34386,717
Lisboa (LVT),2020-09-19,34825,718
Lisboa (LVT),2020-09-20,35004,728
Lisboa (LVT),2020-09-21,35443,731
Lisboa (LVT),2020-09-22,35641,734
Lisboa (LVT),2020-09-23,36078,737
Lisboa (LVT),2020-09-24,36399,739
Lisboa (LVT),2020-09-25,36904,742
Lisboa (LVT),2020-09-26,37376,748
Lisboa (LVT),2020-09-27,37628,753
Lisboa (LVT),2020-09-28,37816,754
Lisboa (LVT),2020-09-29,38294,759
Lisboa (LVT),2020-09-30,38692,765
Lisboa (LVT),2020-10-01,39107,770
Lisboa (LVT),2020-10-02,39488,775
Lisboa (LVT),2020-10-03,39928,781
Lisboa (LVT),2020-10-04,40244,789
Lisboa (LVT),2020-10-05,40600,796
Lisboa (LVT),2020-10-06,40731,806
Lisboa (LVT),2020-10-07,41225,811
Lisboa (LVT),2020-10-08,41707,814
Lisboa (LVT),2020-10-09,42266,822
Lisboa (LVT),2020-10-10,42812,824
Lisboa (LVT),2020-10-11,43141,830
Lisboa (LVT),2020-10-12,43646,836
Lisboa (LVT),2020-10-13,43986,846
Lisboa (LVT),2020-10-14,44788,850
Lisboa (LVT),2020-10-15,45521,857
Lisboa (LVT),2020-10-16,46246,866
Lisboa (LVT),2020-10-17,47027,871
Lisboa (LVT),2020-10-18,47412,881
Lisboa (LVT),2020-10-19,48161,884
Lisboa (LVT),2020-10-20,48596,890
Lisboa (LVT),2020-10-21,49459,898
Lisboa (LVT),2020-10-22,50395,904
Lisboa (LVT),2020-10-23,51313,913
Lisboa (LVT),2020-10-24,52340,919
Lisboa (LVT),2020-10-25,52832,927
Lisboa (LVT),2020-10-26,53412,940
Lisboa (LVT),2020-10-27,54373,947
Lisboa (LVT),2020-10-28,55478,955
Lisboa (LVT),2020-10-29,56580,967
Lisboa (LVT),2020-10-30,57937,980
Lisboa (LVT),2020-10-31,59343,992
Lisboa (LVT),2020-11-01,60219,1004
Lisboa (LVT),2020-11-02,61064,1021
Lisboa (LVT),2020-11-03,61690,1039
Lisboa (LVT),2020-11-04,63250,1057
Lisboa (LVT),2020-11-05,64374,1077
Lisboa (LVT),2020-11-06,65869,1090
Lisboa (LVT),2020-11-07,67725,1109
Lisboa (LVT),2020-11-08,68798,1123
Lisboa (LVT),2020-11-09,70015,1145
Lisboa (LVT),2020-11-10,70751,1162
Lisboa (LVT),2020-11-11,71936,1181
Lisboa (LVT),2020-11-12,73281,1206
Lisboa (LVT),2020-11-13,75014,1233
Lisboa (LVT),2020-11-14,76577,1250
Lisboa (LVT),2020-11-15,77714,1269
Lisboa (LVT),2020-11-16,80809,1302
Lisboa (LVT),2020-11-17,81621,1323
Lisboa (LVT),2020-11-18,83258,1339
Lisboa (LVT),2020-11-19,84800,1363
Lisboa (LVT),2020-11-20,86605,1378
Lisboa (LVT),2020-11-21,88139,1401
Lisboa (LVT),2020-11-22,88983,1421
Lisboa (LVT),2020-11-23,90035,1447
Lisboa (LVT),2020-11-24,91053,1467
Lisboa (LVT),2020-11-25,92230,1492
Lisboa (LVT),2020-11-26,94012,1518
Lisboa (LVT),2020-11-27,95392,1533
Lisboa (LVT),2020-11-28,96705,1562
Lisboa (LVT),2020-11-29,97684,1584
Lisboa (LVT),2020-11-30,98523,1612
Lisboa (LVT),2020-12-01,99061,1623
Lisboa (LVT),2020-12-02,100000,1646
Lisboa (LVT),2020-12-03,100960,1671
Lisboa (LVT),2020-12-04,102468,1686
Lisboa (LVT),2020-12-05,104448,1706
Lisboa (LVT),2020-12-06,105221,1727
Lisboa (LVT),2020-12-07,106138,1751
Lisboa (LVT),2020-12-08,106896,1773
Lisboa (LVT),2020-12-09,108053,1794
Lisboa (LVT),2020-12-10,109017,1831
Lisboa (LVT),2020-12-11,110635,1863
Lisboa (LVT),2020-12-12,111982,1889
Lisboa (LVT),2020-12-13,113094,1919
Lisboa (LVT),2020-12-14,113871,1951
Lisboa (LVT),2020-12-15,114553,1977
Lisboa (LVT),2020-12-16,115928,2007
Lisboa (LVT),2020-12-17,117216,2035
Lisboa (LVT),2020-12-18,118576,2062
Lisboa (LVT),2020-12-19,119745,2091
Lisboa (LVT),2020-12-20,120724,2113
Lisboa (LVT),2020-12-21,121435,2130
Lisboa (LVT),2020-12-22,122074,2156
Lisboa (LVT),2020-12-23,123541,2196
Lisboa (LVT),2020-12-24,124812,2220
Lisboa (LVT),2020-12-25,126275,2243
Lisboa (LVT),2020-12-26,126713,2275
Lisboa (LVT),2020-12-27,127177,2299
Lisboa (LVT),2020-12-28,127846,2319
Lisboa (LVT),2020-12-29,128841,2352
Lisboa (LVT),2020-12-30,130938,2377
Lisboa (LVT),2020-12-31,133739,2392
Lisboa (LVT),2021-01-01,135870,2415
Lisboa (LVT),2021-01-02,137288,2443
Lisboa (LVT),2021-01-03,138520,2479
Lisboa (LVT),2021-01-04,139957,2512
Lisboa (LVT),2021-01-05,141509,2536
Lisboa (LVT),2021-01-06,144842,2563
Lisboa (LVT),2021-01-07,148343,2601
Lisboa (LVT),2021-01-08,152634,2645
Lisboa (LVT),2021-01-09,155643,2689
Lisboa (LVT),2021-01-10,158395,2728
Lisboa (LVT),2021-01-11,160553,2775
Lisboa (LVT),2021-01-12,163754,2843
Lisboa (LVT),2021-01-13,167547,2910
Lisboa (LVT),2021-01-14,171618,2981
Lisboa (LVT),2021-01-15,175898,3046
Lisboa (LVT),2021-01-16,179873,3115
Lisboa (LVT),2021-01-17,184063,3174
Lisboa (LVT),2021-01-18,186706,3244
Lisboa (LVT),2021-01-19,191718,3332
Lisboa (LVT),2021-01-20,197311,3430
Lisboa (LVT),2021-01-21,202712,3515
Lisboa (LVT),2021-01-22,208695,3626
Lisboa (LVT),2021-01-23,214830,3748
Lisboa (LVT),2021-01-24,218997,3873
Lisboa (LVT),2021-01-25,222108,3986
Lisboa (LVT),2021-01-26,227893,4131
Lisboa (LVT),2021-01-27,235498,4267
Lisboa (LVT),2021-01-28,244119,4409
Lisboa (LVT),2021-01-29,251242,4546
Lisboa (LVT),2021-01-30,257203,4682
Lisboa (LVT),2021-01-31,262037,4835
Lisboa (LVT),2021-02-01,265407,4984
Lisboa (LVT),2021-02-02,267927,5100
Lisboa (LVT),2021-02-03,272471,5230
Lisboa (LVT),2021-02-04,276464,5349
Lisboa (LVT),2021-02-05,280114,5491
Lisboa (LVT),2021-02-06,283470,5590
Lisboa (LVT),2021-02-07,284905,5690
Lisboa (LVT),2021-02-08,286665,5790
Lisboa (LVT),2021-02-09,287879,5905
Lisboa (LVT),2021-02-10,290071,5982
Lisboa (LVT),2021-02-11,291917,6068
Lisboa (LVT),2021-02-12,293283,6132
Lisboa (LVT),2021-02-13,294723,6212
Lisboa (LVT),2021-02-14,295431,6287
Lisboa (LVT),2021-02-15,296210,6335
Lisboa (LVT),2021-02-16,296820,6394
Lisboa (LVT),2021-02-17,298044,6465
Lisboa (LVT),2021-02-18,299013,6521
Lisboa (LVT),2021-02-19,299988,6559
Lisboa (LVT),2021-02-20,300758,6595
Lisboa (LVT),2021-02-21,301242,6630
Lisboa (LVT),2021-02-22,301520,6663
Lisboa (LVT),2021-02-23,302013,6699
Lisboa (LVT),2021-02-24,302785,6730
Lisboa (LVT),2021-02-25,303331,6758
Lisboa (LVT),2021-02-26,303741,6786
Lisboa (LVT),2021-02-27,304277,6805
Lisboa (LVT),2021-02-28,304534,6831
Lisboa (LVT),2021-03-01,304772,6846
Lisboa (LVT),2021-03-02,305027,6864
Lisboa (LVT),2021-03-03,305453,6889
Lisboa (LVT),2021-03-04,305829,6900
Lisboa (LVT),2021-03-05,306265,6917
Lisboa (LVT),2021-03-06,306596,6933
Lisboa (LVT),2021-03-07,306776,6946
Lisboa (LVT),2021-03-08,306938,6961
Lisboa (LVT),2021-03-09,307226,6981
Lisboa (LVT),2021-03-10,307517,6988
Lisboa (LVT),2021-03-11,307800,7003
Lisboa (LVT),2021-03-12,308030,7011
Lisboa (LVT),2021-03-13,308238,7024
Lisboa (LVT),2021-03-14,308480,7030
Lisboa (LVT),2021-03-15,308571,7037
Lisboa (LVT),2021-03-16,308718,7045
Lisboa (LVT),2021-03-17,308963,7055
Lisboa (LVT),2021-03-18,309198,7070
Lisboa (LVT),2021-03-19,309421,7074
Madeira,2020-02-26,0,0
Madeira,2020-02-27,0,0
Madeira,2020-02-28,0,0
Madeira,2020-02-29,0,0
Madeira,2020-03-01,0,0
Madeira,2020-03-02,0,0
Madeira,2020-03-03,0,0
Madeira,2020-03-04,0,0
Madeira,2020-03-05,0,0
Madeira,2020-03-06,0,0
Madeira,2020-03-07,0,0
Madeira,2020-03-08,0,0
Madeira,2020-03-09,0,0
Madeira,2020-03-10,0,0
Madeira,2020-03-11,0,0
Madeira,2020-03-12,0,0
Madeira,2020-03-13,0,0
Madeira,2020-03-14,0,0
Madeira,2020-03-15,0,0
Madeira,2020-03-16,0,0
Madeira,2020-03-17,0,0
Madeira,2020-03-18,1,0
Madeira,2020-03-19,1,0
Madeira,2020-03-20,1,0
Madeira,2020-03-21,5,0
Madeira,2020-03-22,7,0
Madeira,2020-03-23,9,0
Madeira,2020-03-24,12,0
Madeira,2020-03-25,16,0
Madeira,2020-03-26,15,0
Madeira,2020-03-27,21,0
Madeira,2020-03-28,31,0
Madeira,2020-03-29,43,0
Madeira,2020-03-30,44,0
Madeira,2020-03-31,46,0
Madeira,2020-04-01,48,0
Madeira,2020-04-02,48,0
Madeira,2020-04-03,50,0
Madeira,2020-04-04,51,0
Madeira,2020-04-05,52,0
Madeira,2020-04-06,52,0
Madeira,2020-04-07,52,0
Madeira,2020-04-08,52,0
Madeira,2020-04-09,53,0
Madeira,2020-04-10,59,0
Madeira,2020-04-11,59,0
Madeira,2020-04-12,59,0
Madeira,2020-04-13,59,0
Madeira,2020-04-14,59,0
Madeira,2020-04-15,59,0
Madeira,2020-04-16,53,0
Madeira,2020-04-17,53,0
Madeira,2020-04-18,54,0
Madeira,2020-04-19,61,0
Madeira,2020-04-20,80,0
Madeira,2020-04-21,85,0
Madeira,2020-04-22,85,0
Madeira,2020-04-23,85,0
Madeira,2020-04-24,85,0
Madeira,2020-04-25,86,0
Madeira,2020-04-26,86,0
Madeira,2020-04-27,86,0
Madeira,2020-04-28,86,0
Madeira,2020-04-29,86,0
Madeira,2020-04-30,86,0
Madeira,2020-05-01,86,0
Madeira,2020-05-02,86,0
Madeira,2020-05-03,86,0
Madeira,2020-05-04,86,0
Madeira,2020-05-05,86,0
Madeira,2020-05-06,86,0
Madeira,2020-05-07,90,0
Madeira,2020-05-08,90,0
Madeira,2020-05-09,90,0
Madeira,2020-05-10,90,0
Madeira,2020-05-11,90,0
Madeira,2020-05-12,90,0
Madeira,2020-05-13,90,0
Madeira,2020-05-14,90,0
Madeira,2020-05-15,90,0
Madeira,2020-05-16,90,0
Madeira,2020-05-17,90,0
Madeira,2020-05-18,90,0
Madeira,2020-05-19,90,0
Madeira,2020-05-20,90,0
Madeira,2020-05-21,90,0
Madeira,2020-05-22,90,0
Madeira,2020-05-23,90,0
Madeira,2020-05-24,90,0
Madeira,2020-05-25,90,0
Madeira,2020-05-26,90,0
Madeira,2020-05-27,90,0
Madeira,2020-05-28,90,0
Madeira,2020-05-29,90,0
Madeira,2020-05-30,90,0
Madeira,2020-05-31,90,0
Madeira,2020-06-01,90,0
Madeira,2020-06-02,91,0
Madeira,2020-06-03,90,0
Madeira,2020-06-04,90,0
Madeira,2020-06-05,90,0
Madeira,2020-06-06,90,0
Madeira,2020-06-07,90,0
Madeira,2020-06-08,90,0
Madeira,2020-06-09,90,0
Madeira,2020-06-10,90,0
Madeira,2020-06-11,90,0
Madeira,2020-06-12,90,0
Madeira,2020-06-13,90,0
Madeira,2020-06-14,90,0
Madeira,2020-06-15,90,0
Madeira,2020-06-16,90,0
Madeira,2020-06-17,90,0
Madeira,2020-06-18,90,0
Madeira,2020-06-19,91,0
Madeira,2020-06-20,91,0
Madeira,2020-06-21,92,0
Madeira,2020-06-22,92,0
Madeira,2020-06-23,92,0
Madeira,2020-06-24,92,0
Madeira,2020-06-25,92,0
Madeira,2020-06-26,92,0
Madeira,2020-06-27,92,0
Madeira,2020-06-28,92,0
Madeira,2020-06-29,92,0
Madeira,2020-06-30,93,0
Madeira,2020-07-01,92,0
Madeira,2020-07-02,92,0
Madeira,2020-07-03,92,0
Madeira,2020-07-04,92,0
Madeira,2020-07-05,93,0
Madeira,2020-07-06,93,0
Madeira,2020-07-07,95,0
Madeira,2020-07-08,95,0
Madeira,2020-07-09,95,0
Madeira,2020-07-10,95,0
Madeira,2020-07-11,95,0
Madeira,2020-07-12,97,0
Madeira,2020-07-13,99,0
Madeira,2020-07-14,99,0
Madeira,2020-07-15,99,0
Madeira,2020-07-16,99,0
Madeira,2020-07-17,99,0
Madeira,2020-07-18,101,0
Madeira,2020-07-19,102,0
Madeira,2020-07-20,102,0
Madeira,2020-07-21,102,0
Madeira,2020-07-22,102,0
Madeira,2020-07-23,102,0
Madeira,2020-07-24,105,0
Madeira,2020-07-25,105,0
Madeira,2020-07-26,105,0
Madeira,2020-07-27,105,0
Madeira,2020-07-28,105,0
Madeira,2020-07-29,105,0
Madeira,2020-07-30,106,0
Madeira,2020-07-31,106,0
Madeira,2020-08-01,106,0
Madeira,2020-08-02,108,0
Madeira,2020-08-03,113,0
Madeira,2020-08-04,117,0
Madeira,2020-08-05,118,0
Madeira,2020-08-06,119,0
Madeira,2020-08-07,121,0
Madeira,2020-08-08,122,0
Madeira,2020-08-09,123,0
Madeira,2020-08-10,123,0
Madeira,2020-08-11,123,0
Madeira,2020-08-12,125,0
Madeira,2020-08-13,126,0
Madeira,2020-08-14,128,0
Madeira,2020-08-15,129,0
Madeira,2020-08-16,130,0
Madeira,2020-08-17,130,0
Madeira,2020-08-18,134,0
Madeira,2020-08-19,135,0
Madeira,2020-08-20,135,0
Madeira,2020-08-21,138,0
Madeira,2020-08-22,140,0
Madeira,2020-08-23,140,0
Madeira,2020-08-24,140,0
Madeira,2020-08-25,141,0
Madeira,2020-08-26,141,0
Madeira,2020-08-27,148,0
Madeira,2020-08-28,153,0
Madeira,2020-08-29,157,0
Madeira,2020-08-30,157,0
Madeira,2020-08-31,157,0
Madeira,2020-09-01,160,0
Madeira,2020-09-02,161,0
Madeira,2020-09-03,165,0
Madeira,2020-09-04,166,0
Madeira,2020-09-05,170,0
Madeira,2020-09-06,170,0
Madeira,2020-09-07,172,0
Madeira,2020-09-08,173,0
Madeira,2020-09-09,174,0
Madeira,2020-09-10,180,0
Madeira,2020-09-11,181,0
Madeira,2020-09-12,183,0
Madeira,2020-09-13,184,0
Madeira,2020-09-14,192,0
Madeira,2020-09-15,192,0
Madeira,2020-09-16,193,0
Madeira,2020-09-17,196,0
Madeira,2020-09-18,198,0
Madeira,2020-09-19,203,0
Madeira,2020-09-20,204,0
Madeira,2020-09-21,205,0
Madeira,2020-09-22,208,0
Madeira,2020-09-23,210,0
Madeira,2020-09-24,211,0
Madeira,2020-09-25,211,0
Madeira,2020-09-26,214,0
Madeira,2020-09-27,217,0
Madeira,2020-09-28,217,0
Madeira,2020-09-29,222,0
Madeira,2020-09-30,224,0
Madeira,2020-10-01,230,0
Madeira,2020-10-02,235,0
Madeira,2020-10-03,242,0
Madeira,2020-10-04,243,0
Madeira,2020-10-05,246,0
Madeira,2020-10-06,251,0
Madeira,2020-10-07,257,0
Madeira,2020-10-08,267,0
Madeira,2020-10-09,272,0
Madeira,2020-10-10,279,0
Madeira,2020-10-11,284,0
Madeira,2020-10-12,294,0
Madeira,2020-10-13,297,0
Madeira,2020-10-14,300,0
Madeira,2020-10-15,305,0
Madeira,2020-10-16,317,0
Madeira,2020-10-17,320,0
Madeira,2020-10-18,328,0
Madeira,2020-10-19,334,0
Madeira,2020-10-20,345,0
Madeira,2020-10-21,349,0
Madeira,2020-10-22,361,0
Madeira,2020-10-23,369,0
Madeira,2020-10-24,372,0
Madeira,2020-10-25,383,0
Madeira,2020-10-26,394,0
Madeira,2020-10-27,410,0
Madeira,2020-10-28,425,0
Madeira,2020-10-29,431,0
Madeira,2020-10-30,435,0
Madeira,2020-10-31,440,0
Madeira,2020-11-01,446,0
Madeira,2020-11-02,459,1
Madeira,2020-11-03,478,1
Madeira,2020-11-04,504,1
Madeira,2020-11-05,511,1
Madeira,2020-11-06,515,1
Madeira,2020-11-07,534,1
Madeira,2020-11-08,547,1
Madeira,2020-11-09,558,2
Madeira,2020-11-10,567,2
Madeira,2020-11-11,584,2
Madeira,2020-11-12,600,2
Madeira,2020-11-13,614,2
Madeira,2020-11-14,619,2
Madeira,2020-11-15,626,2
Madeira,2020-11-16,694,2
Madeira,2020-11-17,721,2
Madeira,2020-11-18,722,2
Madeira,2020-11-19,748,2
Madeira,2020-11-20,749,2
Madeira,2020-11-21,759,2
Madeira,2020-11-22,772,2
Madeira,2020-11-23,791,2
Madeira,2020-11-24,796,2
Madeira,2020-11-25,826,2
Madeira,2020-11-26,842,2
Madeira,2020-11-27,853,2
Madeira,2020-11-28,877,2
Madeira,2020-11-29,887,2
Madeira,2020-11-30,894,2
Madeira,2020-12-01,914,2
Madeira,2020-12-02,920,2
Madeira,2020-12-03,924,2
Madeira,2020-12-04,938,2
Madeira,2020-12-05,958,2
Madeira,2020-12-06,962,2
Madeira,2020-12-07,971,2
Madeira,2020-12-08,986,2
Madeira,2020-12-09,1007,2
Madeira,2020-12-10,1013,2
Madeira,2020-12-11,1018,3
Madeira,2020-12-12,1045,3
Madeira,2020-12-13,1052,5
Madeira,2020-12-14,1076,5
Madeira,2020-12-15,1103,6
Madeira,2020-12-16,1119,6
Madeira,2020-12-17,1154,7
Madeira,2020-12-18,1172,7
Madeira,2020-12-19,1208,8
Madeira,2020-12-20,1239,8
Madeira,2020-12-21,1255,9
Madeira,2020-12-22,1294,10
Madeira,2020-12-23,1332,10
Madeira,2020-12-24,1366,11
Madeira,2020-12-25,1377,11
Madeira,2020-12-26,1405,11
Madeira,2020-12-27,1442,12
Madeira,2020-12-28,1476,12
Madeira,2020-12-29,1526,12
Madeira,2020-12-30,1557,12
Madeira,2020-12-31,1601,13
Madeira,2021-01-01,1642,14
Madeira,2021-01-02,1671,14
Madeira,2021-01-03,1696,14
Madeira,2021-01-04,1754,15
Madeira,2021-01-05,1826,16
Madeira,2021-01-06,1878,16
Madeira,2021-01-07,1905,16
Madeira,2021-01-08,1970,18
Madeira,2021-01-09,2013,18
Madeira,2021-01-10,2080,18
Madeira,2021-01-11,2141,18
Madeira,2021-01-12,2212,20
Madeira,2021-01-13,2256,20
Madeira,2021-01-14,2317,22
Madeira,2021-01-15,2410,22
Madeira,2021-01-16,2489,23
Madeira,2021-01-17,2607,26
Madeira,2021-01-18,2744,26
Madeira,2021-01-19,2844,28
Madeira,2021-01-20,2916,29
Madeira,2021-01-21,2994,29
Madeira,2021-01-22,3078,31
Madeira,2021-01-23,3195,31
Madeira,2021-01-24,3246,32
Madeira,2021-01-25,3358,33
Madeira,2021-01-26,3472,34
Madeira,2021-01-27,3663,34
Madeira,2021-01-28,3758,36
Madeira,2021-01-29,3863,37
Madeira,2021-01-30,3954,40
Madeira,2021-01-31,4055,43
Madeira,2021-02-01,4111,43
Madeira,2021-02-02,4221,43
Madeira,2021-02-03,4341,44
Madeira,2021-02-04,4605,46
Madeira,2021-02-05,4712,46
Madeira,2021-02-06,4833,48
Madeira,2021-02-07,4969,50
Madeira,2021-02-08,5027,53
Madeira,2021-02-09,5095,54
Madeira,2021-02-10,5142,55
Madeira,2021-02-11,5294,58
Madeira,2021-02-12,5368,59
Madeira,2021-02-13,5429,59
Madeira,2021-02-14,5456,59
Madeira,2021-02-15,5494,59
Madeira,2021-02-16,5540,59
Madeira,2021-02-17,5574,59
Madeira,2021-02-18,5642,59
Madeira,2021-02-19,5782,59
Madeira,2021-02-20,5881,59
Madeira,2021-02-21,5952,59
Madeira,2021-02-22,6008,60
Madeira,2021-02-23,6101,60
Madeira,2021-02-24,6146,61
Madeira,2021-02-25,6227,61
Madeira,2021-02-26,6350,61
Madeira,2021-02-27,6423,61
Madeira,2021-02-28,6458,61
Madeira,2021-03-01,6474,61
Madeira,2021-03-02,6614,61
Madeira,2021-03-03,6754,61
Madeira,2021-03-04,6860,61
Madeira,2021-03-05,7023,61
Madeira,2021-03-06,7311,61
Madeira,2021-03-07,7444,63
Madeira,2021-03-08,7522,63
Madeira,2021-03-09,7866,63
Madeira,2021-03-10,7935,64
Madeira,2021-03-11,7953,64
Madeira,2021-03-12,8022,64
Madeira,2021-03-13,8075,64
Madeira,2021-03-14,8105,64
Madeira,2021-03-15,8162,64
Madeira,2021-03-16,8173,64
Madeira,2021-03-17,8218,64
Madeira,2021-03-18,8252,64
Madeira,2021-03-19,8292,65
Norte,2020-02-26,0,0
Norte,2020-02-27,0,0
Norte,2020-02-28,0,0
Norte,2020-02-29,0,0
Norte,2020-03-01,0,0
Norte,2020-03-02,2,0
Norte,2020-03-03,2,0
Norte,2020-03-04,3,0
Norte,2020-03-05,5,0
Norte,2020-03-06,8,0
Norte,2020-03-07,15,0
Norte,2020-03-08,22,0
Norte,2020-03-09,27,0
Norte,2020-03-10,27,0
Norte,2020-03-11,36,0
Norte,2020-03-12,44,0
Norte,2020-03-13,53,0
Norte,2020-03-14,77,0
Norte,2020-03-15,103,0
Norte,2020-03-16,138,0
Norte,2020-03-17,196,0
Norte,2020-03-18,289,0
Norte,2020-03-19,381,0
Norte,2020-03-20,506,1
Norte,2020-03-21,644,4
Norte,2020-03-22,825,5
Norte,2020-03-23,1007,9
Norte,2020-03-24,1130,14
Norte,2020-03-25,1517,20
Norte,2020-03-26,1858,28
Norte,2020-03-27,2443,33
Norte,2020-03-28,3035,44
Norte,2020-03-29,3550,61
Norte,2020-03-30,3801,74
Norte,2020-03-31,4452,83
Norte,2020-04-01,4910,95
Norte,2020-04-02,5338,107
Norte,2020-04-03,5899,130
Norte,2020-04-04,6280,141
Norte,2020-04-05,6530,158
Norte,2020-04-06,6706,168
Norte,2020-04-07,7052,186
Norte,2020-04-08,7386,208
Norte,2020-04-09,8102,224
Norte,2020-04-10,8897,240
Norte,2020-04-11,9264,258
Norte,2020-04-12,9747,280
Norte,2020-04-13,9984,303
Norte,2020-04-14,10302,321
Norte,2020-04-15,10751,339
Norte,2020-04-16,11237,355
Norte,2020-04-17,11324,377
Norte,2020-04-18,11762,393
Norte,2020-04-19,12148,409
Norte,2020-04-20,12543,424
Norte,2020-04-21,12806,441
Norte,2020-04-22,13150,454
Norte,2020-04-23,13382,475
Norte,2020-04-24,13707,491
Norte,2020-04-25,13951,502
Norte,2020-04-26,14205,519
Norte,2020-04-27,14315,536
Norte,2020-04-28,14521,546
Norte,2020-04-29,14534,556
Norte,2020-04-30,14726,566
Norte,2020-05-01,14867,578
Norte,2020-05-02,14951,585
Norte,2020-05-03,15021,597
Norte,2020-05-04,15141,609
Norte,2020-05-05,15199,613
Norte,2020-05-06,15256,623
Norte,2020-05-07,15450,634
Norte,2020-05-08,15809,639
Norte,2020-05-09,15854,645
Norte,2020-05-10,15952,648
Norte,2020-05-11,16008,651
Norte,2020-05-12,16053,660
Norte,2020-05-13,16112,667
Norte,2020-05-14,16166,674
Norte,2020-05-15,16214,677
Norte,2020-05-16,16282,684
Norte,2020-05-17,16352,693
Norte,2020-05-18,16396,698
Norte,2020-05-19,16472,707
Norte,2020-05-20,16488,713
Norte,2020-05-21,16540,717
Norte,2020-05-22,16596,725
Norte,2020-05-23,16664,732
Norte,2020-05-24,16678,738
Norte,2020-05-25,16699,744
Norte,2020-05-26,16697,752
Norte,2020-05-27,16703,755
Norte,2020-05-28,16718,761
Norte,2020-05-29,16725,769
Norte,2020-05-30,16739,773
Norte,2020-05-31,16760,784
Norte,2020-06-01,16760,791
Norte,2020-06-02,16789,795
Norte,2020-06-03,16804,796
Norte,2020-06-04,16819,801
Norte,2020-06-05,16834,803
Norte,2020-06-06,16855,804
Norte,2020-06-07,16909,806
Norte,2020-06-08,16948,807
Norte,2020-06-09,16967,809
Norte,2020-06-10,16988,809
Norte,2020-06-11,17007,810
Norte,2020-06-12,17024,811
Norte,2020-06-13,17066,812
Norte,2020-06-14,17078,812
Norte,2020-06-15,17097,813
Norte,2020-06-16,17141,813
Norte,2020-06-17,17179,813
Norte,2020-06-18,17208,813
Norte,2020-06-19,17236,813
Norte,2020-06-20,17242,814
Norte,2020-06-21,17249,814
Norte,2020-06-22,17320,814
Norte,2020-06-23,17329,814
Norte,2020-06-24,17339,814
Norte,2020-06-25,17372,815
Norte,2020-06-26,17441,816
Norte,2020-06-27,17445,816
Norte,2020-06-28,17476,816
Norte,2020-06-29,17501,817
Norte,2020-06-30,17521,818
Norte,2020-07-01,17585,819
Norte,2020-07-02,17624,819
Norte,2020-07-03,17664,819
Norte,2020-07-04,17723,819
Norte,2020-07-05,17748,819
Norte,2020-07-06,17766,820
Norte,2020-07-07,17823,821
Norte,2020-07-08,17900,821
Norte,2020-07-09,17957,821
Norte,2020-07-10,18001,821
Norte,2020-07-11,18068,821
Norte,2020-07-12,18109,822
Norte,2020-07-13,18142,823
Norte,2020-07-14,18184,823
Norte,2020-07-15,18215,826
Norte,2020-07-16,18253,826
Norte,2020-07-17,18293,827
Norte,2020-07-18,18328,827
Norte,2020-07-19,18338,827
Norte,2020-07-20,18356,827
Norte,2020-07-21,18372,827
Norte,2020-07-22,18390,827
Norte,2020-07-23,18415,828
Norte,2020-07-24,18441,828
Norte,2020-07-25,18487,828
Norte,2020-07-26,18503,828
Norte,2020-07-27,18525,828
Norte,2020-07-28,18549,828
Norte,2020-07-29,18585,828
Norte,2020-07-30,18626,828
Norte,2020-07-31,18675,828
Norte,2020-08-01,18742,828
Norte,2020-08-02,18780,828
Norte,2020-08-03,18797,828
Norte,2020-08-04,18816,829
Norte,2020-08-05,18854,829
Norte,2020-08-06,18891,831
Norte,2020-08-07,18952,831
Norte,2020-08-08,19001,831
Norte,2020-08-09,19049,832
Norte,2020-08-10,19094,832
Norte,2020-08-11,19128,834
Norte,2020-08-12,19217,836
Norte,2020-08-13,19301,838
Norte,2020-08-14,19353,838
Norte,2020-08-15,19419,839
Norte,2020-08-16,19473,840
Norte,2020-08-17,19514,840
Norte,2020-08-18,19572,840
Norte,2020-08-19,19637,840
Norte,2020-08-20,19730,841
Norte,2020-08-21,19793,842
Norte,2020-08-22,19860,842
Norte,2020-08-23,19929,843
Norte,2020-08-24,19972,845
Norte,2020-08-25,20021,846
Norte,2020-08-26,20130,846
Norte,2020-08-27,20291,846
Norte,2020-08-28,20457,848
Norte,2020-08-29,20614,848
Norte,2020-08-30,20776,849
Norte,2020-08-31,20859,849
Norte,2020-09-01,20941,849
Norte,2020-09-02,21125,849
Norte,2020-09-03,21302,849
Norte,2020-09-04,21454,849
Norte,2020-09-05,21654,849
Norte,2020-09-06,21797,849
Norte,2020-09-07,21930,849
Norte,2020-09-08,22049,851
Norte,2020-09-09,22325,852
Norte,2020-09-10,22593,852
Norte,2020-09-11,22819,852
Norte,2020-09-12,22997,853
Norte,2020-09-13,23233,854
Norte,2020-09-14,23411,857
Norte,2020-09-15,23528,859
Norte,2020-09-16,23729,859
Norte,2020-09-17,23984,864
Norte,2020-09-18,24234,864
Norte,2020-09-19,24522,868
Norte,2020-09-20,24795,871
Norte,2020-09-21,24908,875
Norte,2020-09-22,25099,877
Norte,2020-09-23,25339,877
Norte,2020-09-24,25606,877
Norte,2020-09-25,25869,878
Norte,2020-09-26,26161,879
Norte,2020-09-27,26407,881
Norte,2020-09-28,26575,884
Norte,2020-09-29,26735,884
Norte,2020-09-30,27029,886
Norte,2020-10-01,27369,887
Norte,2020-10-02,27732,888
Norte,2020-10-03,28094,891
Norte,2020-10-04,28584,893
Norte,2020-10-05,28882,896
Norte,2020-10-06,29113,899
Norte,2020-10-07,29469,900
Norte,2020-10-08,30111,905
Norte,2020-10-09,30800,908
Norte,2020-10-10,31720,910
Norte,2020-10-11,32345,916
Norte,2020-10-12,32947,924
Norte,2020-10-13,33660,929
Norte,2020-10-14,34661,932
Norte,2020-10-15,35807,934
Norte,2020-10-16,37157,944
Norte,2020-10-17,38281,950
Norte,2020-10-18,39449,959
Norte,2020-10-19,40436,971
Norte,2020-10-20,41542,976
Norte,2020-10-21,42921,980
Norte,2020-10-22,44875,987
Norte,2020-10-23,46391,1001
Norte,2020-10-24,48603,1012
Norte,2020-10-25,50299,1022
Norte,2020-10-26,51932,1030
Norte,2020-10-27,54008,1042
Norte,2020-10-28,56122,1053
Norte,2020-10-29,58596,1069
Norte,2020-10-30,61427,1088
Norte,2020-10-31,63327,1111
Norte,2020-11-01,64943,1131
Norte,2020-11-02,66145,1151
Norte,2020-11-03,67692,1172
Norte,2020-11-04,72875,1206
Norte,2020-11-05,75455,1223
Norte,2020-11-06,78461,1248
Norte,2020-11-07,82361,1279
Norte,2020-11-08,86284,1306
Norte,2020-11-09,88549,1339
Norte,2020-11-10,91212,1370
Norte,2020-11-11,94057,1414
Norte,2020-11-12,97624,1459
Norte,2020-11-13,101685,1491
Norte,2020-11-14,105839,1519
Norte,2020-11-15,109861,1563
Norte,2020-11-16,114025,1607
Norte,2020-11-17,116966,1650
Norte,2020-11-18,120157,1697
Norte,2020-11-19,124572,1726
Norte,2020-11-20,128202,1759
Norte,2020-11-21,132272,1783
Norte,2020-11-22,135363,1822
Norte,2020-11-23,137621,1857
Norte,2020-11-24,139905,1907
Norte,2020-11-25,143129,1942
Norte,2020-11-26,146543,1985
Norte,2020-11-27,149704,2024
Norte,2020-11-28,152200,2066
Norte,2020-11-29,154690,2097
Norte,2020-11-30,156485,2139
Norte,2020-12-01,157785,2182
Norte,2020-12-02,159642,2218
Norte,2020-12-03,161886,2255
Norte,2020-12-04,164463,2300
Norte,2020-12-05,167463,2343
Norte,2020-12-06,169721,2393
Norte,2020-12-07,170952,2431
Norte,2020-12-08,172536,2475
Norte,2020-12-09,174612,2505
Norte,2020-12-10,175983,2537
Norte,2020-12-11,178378,2578
Norte,2020-12-12,180456,2616
Norte,2020-12-13,182599,2659
Norte,2020-12-14,183535,2688
Norte,2020-12-15,184883,2724
Norte,2020-12-16,187065,2759
Norte,2020-12-17,189057,2799
Norte,2020-12-18,191058,2830
Norte,2020-12-19,192547,2873
Norte,2020-12-20,194052,2898
Norte,2020-12-21,194910,2926
Norte,2020-12-22,195957,2941
Norte,2020-12-23,197768,2973
Norte,2020-12-24,199720,3001
Norte,2020-12-25,201417,3030
Norte,2020-12-26,201868,3060
Norte,2020-12-27,202585,3083
Norte,2020-12-28,203492,3102
Norte,2020-12-29,204986,3126
Norte,2020-12-30,207376,3157
Norte,2020-12-31,209964,3194
Norte,2021-01-01,212709,3222
Norte,2021-01-02,213813,3244
Norte,2021-01-03,215031,3261
Norte,2021-01-04,216601,3279
Norte,2021-01-05,218546,3312
Norte,2021-01-06,222403,3346
Norte,2021-01-07,225957,3373
Norte,2021-01-08,228926,3407
Norte,2021-01-09,232303,3436
Norte,2021-01-10,234903,3463
Norte,2021-01-11,236401,3497
Norte,2021-01-12,238581,3533
Norte,2021-01-13,242209,3569
Norte,2021-01-14,245670,3604
Norte,2021-01-15,248965,3639
Norte,2021-01-16,252760,3685
Norte,2021-01-17,256208,3718
Norte,2021-01-18,258317,3760
Norte,2021-01-19,261287,3811
Norte,2021-01-20,266384,3866
Norte,2021-01-21,270894,3919
Norte,2021-01-22,275164,3965
Norte,2021-01-23,280156,4020
Norte,2021-01-24,284344,4077
Norte,2021-01-25,286319,4131
Norte,2021-01-26,289212,4199
Norte,2021-01-27,293171,4258
Norte,2021-01-28,297228,4318
Norte,2021-01-29,300426,4388
Norte,2021-01-30,303581,4453
Norte,2021-01-31,306232,4501
Norte,2021-02-01,307412,4546
Norte,2021-02-02,309008,4611
Norte,2021-02-03,311373,4654
Norte,2021-02-04,313161,4695
Norte,2021-02-05,314865,4734
Norte,2021-02-06,316092,4778
Norte,2021-02-07,317049,4817
Norte,2021-02-08,317428,4849
Norte,2021-02-09,318077,4884
Norte,2021-02-10,319127,4917
Norte,2021-02-11,319836,4956
Norte,2021-02-12,320556,4991
Norte,2021-02-13,321233,5012
Norte,2021-02-14,321817,5032
Norte,2021-02-15,322105,5050
Norte,2021-02-16,322511,5070
Norte,2021-02-17,322993,5092
Norte,2021-02-18,323482,5112
Norte,2021-02-19,323885,5122
Norte,2021-02-20,324254,5140
Norte,2021-02-21,324612,5151
Norte,2021-02-22,324719,5159
Norte,2021-02-23,324905,5168
Norte,2021-02-24,325232,5175
Norte,2021-02-25,325558,5186
Norte,2021-02-26,325808,5197
Norte,2021-02-27,326075,5201
Norte,2021-02-28,326304,5206
Norte,2021-03-01,326378,5215
Norte,2021-03-02,326544,5225
Norte,2021-03-03,326761,5233
Norte,2021-03-04,326968,5239
Norte,2021-03-05,327160,5244
Norte,2021-03-06,327370,5248
Norte,2021-03-07,327577,5254
Norte,2021-03-08,327634,5260
Norte,2021-03-09,327781,5263
Norte,2021-03-10,327917,5268
Norte,2021-03-11,328096,5271
Norte,2021-03-12,328262,5274
Norte,2021-03-13,328394,5277
Norte,2021-03-14,328502,5281
Norte,2021-03-15,328566,5281
Norte,2021-03-16,328693,5281
Norte,2021-03-17,328939,5284
Norte,2021-03-18,329057,5285
Norte,2021-03-19,329203,5287
